{
  "params": {
    "ttPolicy": "SPLIT_SINGLE_DATASET",
    "ssdSplitMode": "RANDOM",
    "splitBeforePrepare": true,
    "ssdSelection": {
      "useMemTable": false,
      "filter": {
        "distinct": false,
        "enabled": false
      },
      "partitionSelectionMethod": "ALL",
      "latestPartitionsN": 1,
      "ordering": {
        "enabled": false,
        "rules": []
      },
      "samplingMethod": "FULL",
      "maxRecords": 100000,
      "targetRatio": 0.02,
      "ascending": true,
      "withinFirstN": -1,
      "maxReadUncompressedBytes": -1,
      "seed": 1337
    },
    "ssdTrainingRatio": 0.8,
    "ssdStratified": false,
    "ssdGrouped": false,
    "ssdSeed": 42,
    "testOnLargerValues": true,
    "streamAll": false,
    "kfold": false,
    "nFolds": 5,
    "instanceIdRefresher": 0,
    "subSamplingSeed": 1337
  },
  "generationDate": 1741868287687,
  "policyId": "type\u003dSPLIT_SINGLE_DATASET,split\u003dRANDOM,splitBeforePrepare\u003dtrue,ds\u003dbooking_train_prepared2,sel\u003d(method\u003dfull),r\u003d0.8,s\u003d42",
  "instanceId": "7e669ffcb6da98dcd212a2e2c7fcae3c-0",
  "format": "csv1",
  "schema": {
    "columns": [
      {"name":"Booking_ID","type":"string"},
      {"name":"adults","type":"double"},
      {"name":"children","type":"double"},
      {"name":"weekend_nights","type":"double"},
      {"name":"week_nights","type":"double"},
      {"name":"meal_plan","type":"string"},
      {"name":"parking_request","type":"boolean"},
      {"name":"room_type_reserved","type":"string"},
      {"name":"lead_time","type":"bigint"},
      {"name":"market_type","type":"string"},
      {"name":"first_time","type":"boolean"},
      {"name":"previous_cancellations","type":"bigint"},
      {"name":"avg_price_per_room","type":"double"},
      {"name":"number_of_special_requests","type":"bigint"},
      {"name":"booking_status","type":"string"},
      {"name":"year","type":"bigint"},
      {"name":"month","type":"bigint"},
      {"name":"day","type":"bigint"},
      {"name":"day_of_week","type":"bigint"}
    ],
    "userModified": false
  },
  "trainPath": "train-7e669ffcb6da98dcd212a2e2c7fcae3c-0.csv.gz",
  "testPath": "test-7e669ffcb6da98dcd212a2e2c7fcae3c-0.csv.gz",
  "trainRows": 20317,
  "testRows": 5075,
  "fullRows": 0
}