{
    "startedAt": 1741868297100,
    "gridSize": 5,
    "nThreads": 4,
    "nSplits": 5,
    "metric": "ACCURACY",
    "timeout": null,
    "gridPoints": [
        {
            "finishedAt": 1741868297685,
            "score": 0.7792981247231383,
            "testScoreGibMean": 0.7792981247231383,
            "testScoreMean": 0.7792981247231383,
            "testScoreStd": 0.0017025314620835199,
            "trainScoreMean": 0.7797412160694115,
            "trainScoreStd": 0.0020642042315767327,
            "time": 1727,
            "fitTimeMean": 330.6,
            "fitTimeStd": 55.70134648282751,
            "scoreTimeMean": 14.8,
            "scoreTimeStd": 3.7094473981982814,
            "parameters": {
                "C": 0.1,
                "penalty": "l2"
            }
        },
        {
            "finishedAt": 1741868297925,
            "score": 0.778067628094699,
            "testScoreGibMean": 0.778067628094699,
            "testScoreMean": 0.778067628094699,
            "testScoreStd": 0.002666884728662991,
            "trainScoreMean": 0.7786829147712581,
            "trainScoreStd": 0.0013817631132878006,
            "time": 1089,
            "fitTimeMean": 196.6,
            "fitTimeStd": 17.024687956024334,
            "scoreTimeMean": 21.2,
            "scoreTimeStd": 6.079473661428265,
            "parameters": {
                "C": 0.01,
                "penalty": "l2"
            }
        },
        {
            "finishedAt": 1741868299587,
            "score": 0.7785598267460747,
            "testScoreGibMean": 0.7785598267460747,
            "testScoreMean": 0.7785598267460747,
            "testScoreStd": 0.0015990593586188546,
            "trainScoreMean": 0.7794213225268679,
            "trainScoreStd": 0.00211289085864228,
            "time": 5206,
            "fitTimeMean": 1012.4,
            "fitTimeStd": 246.93853486242278,
            "scoreTimeMean": 28.8,
            "scoreTimeStd": 9.826494797230598,
            "parameters": {
                "C": 10.0,
                "penalty": "l2"
            }
        },
        {
            "finishedAt": 1741868300376,
            "score": 0.7786582664763498,
            "testScoreGibMean": 0.7786582664763498,
            "testScoreMean": 0.7786582664763498,
            "testScoreStd": 0.0013875018314937252,
            "trainScoreMean": 0.7796673120784812,
            "trainScoreStd": 0.0019298773994276975,
            "time": 4127,
            "fitTimeMean": 793.4,
            "fitTimeStd": 52.890830963409904,
            "scoreTimeMean": 32.0,
            "scoreTimeStd": 11.260550608207398,
            "parameters": {
                "C": 1.0,
                "penalty": "l2"
            }
        },
        {
            "finishedAt": 1741868302025,
            "score": 0.7786582664763498,
            "testScoreGibMean": 0.7786582664763498,
            "testScoreMean": 0.7786582664763498,
            "testScoreStd": 0.0015933271746777227,
            "trainScoreMean": 0.779298272863465,
            "trainScoreStd": 0.0021494732788033136,
            "time": 6265,
            "fitTimeMean": 1238.4,
            "fitTimeStd": 173.34774299078717,
            "scoreTimeMean": 14.6,
            "scoreTimeStd": 3.4409301068170506,
            "parameters": {
                "C": 100.0,
                "penalty": "l2"
            }
        }
    ]
}