{
  "state": "DONE",
  "preSearchDescription": {
    "gridLength": 5,
    "searchStrategy": "GRID",
    "importantParams": [
      {
        "name": "penalty",
        "vals": [
          "l2"
        ]
      },
      {
        "name": "C",
        "vals": [
          "0.01",
          "0.1",
          "1.0",
          "10.0",
          "100.0"
        ]
      }
    ]
  },
  "postSearchDescription": {
    "importantParams": [
      {
        "name": "C",
        "val": "0.1"
      },
      {
        "name": "penalty",
        "val": "l2"
      }
    ]
  },
  "resumed": false,
  "timeOrderingEnabled": false,
  "sampleWeightsEnabled": false,
  "modelId": "m1",
  "progress": {
    "top_level_todo": [],
    "stack": [],
    "top_level_done": [
      {
        "name": "Loading train set",
        "time": 3185
      },
      {
        "name": "Loading test set",
        "time": 145
      },
      {
        "name": "Collecting statistics",
        "time": 216
      },
      {
        "name": "Preprocessing train set",
        "time": 349
      },
      {
        "name": "Preprocessing test set",
        "time": 161
      },
      {
        "name": "Hyperparameter searching",
        "time": 5134
      },
      {
        "name": "Fitting model",
        "time": 425
      },
      {
        "name": "Saving model",
        "time": 73
      },
      {
        "name": "Scoring model",
        "time": 8449
      },
      {
        "name": "Preparing explainability",
        "time": 12218
      }
    ]
  },
  "startTime": 1741868292952,
  "endTime": 1741868323364,
  "preprocessingTime": 4072,
  "trainingTime": 26340,
  "hyperparamsSearchTime": 5134,
  "pythonVersion": "3.7.13",
  "packagesVersion": {
    "pandas": "1.1.5",
    "scikit-learn": "1.0.2",
    "scipy": "1.7.3",
    "lightgbm": "3.2.1",
    "flask": "2.2.5",
    "itsdangerous": "2.1.2",
    "jinja2": "3.0.3",
    "xgboost": "0.82",
    "werkzeug": "2.2.3",
    "statsmodels": "0.13.5",
    "markupsafe": "2.1.5",
    "cloudpickle": "1.5.0"
  }
}