{
  "starred": false,
  "clusterMetas": {},
  "customMeta": {
    "kv": {}
  },
  "tags": [],
  "activeClassifierThreshold": 0.55,
  "description": "",
  "name": "Logistic Regression (s1)",
  "labels": [
    {
      "key": "trainDataset:dataset-name",
      "value": "booking_train_prepared2"
    },
    {
      "key": "testDataset:dataset-name",
      "value": "booking_train_prepared2"
    },
    {
      "key": "evaluationDataset:dataset-name",
      "value": "booking_train_prepared2"
    },
    {
      "key": "model:algorithm",
      "value": "LOGISTIC_REGRESSION"
    },
    {
      "key": "model:name",
      "value": "Logistic Regression (s1)"
    },
    {
      "key": "model:date",
      "value": "2025-03-13T13:18:43.364+0100"
    },
    {
      "key": "evaluation:date",
      "value": "2025-03-13T13:18:43.364+0100"
    }
  ]
}