{
  "params": {
    "ttPolicy": "EXPLICIT_FILTERING_TWO_DATASETS",
    "ssdSplitMode": "RANDOM",
    "splitBeforePrepare": true,
    "ssdSelection": {
      "useMemTable": false,
      "filter": {
        "distinct": false,
        "enabled": false
      },
      "partitionSelectionMethod": "ALL",
      "latestPartitionsN": 1,
      "ordering": {
        "enabled": false,
        "rules": []
      },
      "samplingMethod": "HEAD_SEQUENTIAL",
      "maxRecords": 100000,
      "targetRatio": 0.02,
      "ascending": true,
      "withinFirstN": -1,
      "maxReadUncompressedBytes": -1,
      "seed": 1337
    },
    "ssdTrainingRatio": 0.8,
    "ssdStratified": false,
    "ssdGrouped": false,
    "ssdSeed": 1337,
    "testOnLargerValues": true,
    "streamAll": false,
    "eftdTrain": {
      "datasetSmartName": "booking_train_prepared",
      "selection": {
        "useMemTable": false,
        "filter": {
          "distinct": false,
          "enabled": false
        },
        "partitionSelectionMethod": "ALL",
        "latestPartitionsN": 1,
        "ordering": {
          "enabled": false,
          "rules": []
        },
        "samplingMethod": "FULL",
        "maxRecords": 100000,
        "targetRatio": 0.02,
        "ascending": true,
        "withinFirstN": -1,
        "maxReadUncompressedBytes": -1
      }
    },
    "eftdTest": {
      "datasetSmartName": "booking_test_prepared",
      "selection": {
        "useMemTable": false,
        "filter": {
          "distinct": false,
          "enabled": false
        },
        "partitionSelectionMethod": "ALL",
        "latestPartitionsN": 1,
        "ordering": {
          "enabled": false,
          "rules": []
        },
        "samplingMethod": "FULL",
        "maxRecords": 100000,
        "targetRatio": 0.02,
        "ascending": true,
        "withinFirstN": -1,
        "maxReadUncompressedBytes": -1
      }
    },
    "kfold": false,
    "nFolds": 5,
    "instanceIdRefresher": 0,
    "subSamplingSeed": 1337
  },
  "generationDate": 1741867460911,
  "policyId": "type\u003dEXPLICIT_FILTERING_TWO_DATASETS,trainSet\u003dbooking_train_prepared,trainSel\u003dmethod\u003dfull,trainFilter\u003dnull,testSet\u003dbooking_test_prepared,testSel\u003dmethod\u003dfull,testFilter\u003dnull",
  "instanceId": "de08feb65db7f1ae8e898f88e0aa362b-0",
  "format": "csv1",
  "schema": {
    "columns": [
      {"name":"Booking_ID","type":"string"},
      {"name":"adults","type":"double"},
      {"name":"children","type":"double"},
      {"name":"weekend_nights","type":"double"},
      {"name":"week_nights","type":"double"},
      {"name":"meal_plan","type":"string"},
      {"name":"parking_request","type":"boolean"},
      {"name":"room_type_reserved","type":"string"},
      {"name":"lead_time","type":"bigint"},
      {"name":"market_type","type":"string"},
      {"name":"first_time","type":"boolean"},
      {"name":"previous_cancellations","type":"bigint"},
      {"name":"avg_price_per_room","type":"double"},
      {"name":"number_of_special_requests","type":"bigint"},
      {"name":"booking_status","type":"string"},
      {"name":"arrival_date","type":"dateonly"}
    ],
    "userModified": false
  },
  "trainPath": "train-de08feb65db7f1ae8e898f88e0aa362b-0.csv.gz",
  "testPath": "test-de08feb65db7f1ae8e898f88e0aa362b-0.csv.gz",
  "trainRows": 25392,
  "testRows": 10883,
  "fullRows": 0
}