{
    "details": {
        "parking_request": {
            "levels": [
                "No"
            ],
            "with_others": false
        },
        "meal_plan": {
            "levels": [
                "Meal Plan 1",
                "Not Selected",
                "Meal Plan 2"
            ],
            "with_others": false
        },
        "first_time": {
            "levels": [
                "Yes"
            ],
            "with_others": false
        },
        "room_type_reserved": {
            "levels": [
                "Room_Type 1",
                "Room_Type 4",
                "Room_Type 6",
                "Room_Type 2",
                "Room_Type 5",
                "Room_Type 7"
            ],
            "with_others": false
        },
        "market_type": {
            "levels": [
                "Online",
                "Offline",
                "Corporate",
                "Complementary"
            ],
            "with_others": false
        }
    }
}