{
  "weight": {
    "weightMethod": "CLASS_WEIGHT"
  },
  "calibration": {
    "calibrationMethod": "NO_CALIBRATION",
    "calibrateOnTestSet": true,
    "calibrationDataRatio": 0.2
  },
  "time": {
    "enabled": false,
    "ascending": true
  },
  "partitionedModel": {
    "enabled": false,
    "ssdSelection": {
      "useMemTable": false,
      "filter": {
        "distinct": false,
        "enabled": false
      },
      "partitionSelectionMethod": "ALL",
      "latestPartitionsN": 1,
      "ordering": {
        "enabled": false,
        "rules": []
      },
      "samplingMethod": "FULL",
      "maxRecords": -1,
      "targetRatio": 0.02,
      "ascending": true,
      "withinFirstN": -1,
      "maxReadUncompressedBytes": -1
    }
  },
  "uncertainty": {
    "predictionIntervalsEnabled": false,
    "predictionIntervalsCoverage": 0.95,
    "algorithm": "LIGHTGBM_REGRESSION"
  },
  "target_variable": "booking_status",
  "prediction_type": "BINARY_CLASSIFICATION",
  "backendType": "PY_MEMORY",
  "taskType": "PREDICTION",
  "diagnosticsSettings": {
    "enabled": true,
    "settings": [
      {
        "type": "ML_DIAGNOSTICS_DATASET_SANITY_CHECKS",
        "enabled": true
      },
      {
        "type": "ML_DIAGNOSTICS_MODELING_PARAMETERS",
        "enabled": true
      },
      {
        "type": "ML_DIAGNOSTICS_RUNTIME",
        "enabled": true
      },
      {
        "type": "ML_DIAGNOSTICS_REPRODUCIBILITY",
        "enabled": true
      },
      {
        "type": "ML_DIAGNOSTICS_TRAINING_OVERFIT",
        "enabled": true
      },
      {
        "type": "ML_DIAGNOSTICS_LEAKAGE_DETECTION",
        "enabled": true
      },
      {
        "type": "ML_DIAGNOSTICS_MODEL_CHECK",
        "enabled": true
      },
      {
        "type": "ML_DIAGNOSTICS_ML_ASSERTIONS",
        "enabled": true
      },
      {
        "type": "ML_DIAGNOSTICS_ABNORMAL_PREDICTIONS_DETECTION",
        "enabled": true
      },
      {
        "type": "ML_DIAGNOSTICS_SCORING_DATASET_SANITY_CHECKS",
        "enabled": true
      },
      {
        "type": "ML_DIAGNOSTICS_EVALUATION_DATASET_SANITY_CHECKS",
        "enabled": true
      },
      {
        "type": "ML_DIAGNOSTICS_TIMESERIES_RESAMPLING_CHECKS",
        "enabled": true
      },
      {
        "type": "ML_DIAGNOSTICS_CAUSAL_TREATMENT_CHECKS",
        "enabled": true
      },
      {
        "type": "ML_DIAGNOSTICS_CAUSAL_PROPENSITY_CHECKS",
        "enabled": true
      },
      {
        "type": "LLM_EVALUATION_COMPUTATION_ERROR",
        "enabled": true
      }
    ]
  },
  "executionParams": {
    "envSelection": {
      "envMode": "USE_BUILTIN_MODE"
    },
    "containerSelection": {
      "containerMode": "INHERIT"
    },
    "gpuConfig": {
      "params": {
        "useGpu": false,
        "gpuList": [
          0
        ],
        "perGPUMemoryFraction": 0.5,
        "gpuAllowGrowth": false
      },
      "disabledCapabilities": []
    },
    "sparkParams": {
      "sparkConf": {
        "inheritConf": "default",
        "conf": []
      },
      "sparkUseGlobalMetastore": false,
      "sparkPreparedDFStorageLevel": "MEMORY_AND_DISK",
      "sparkRepartitionNonHDFS": 1,
      "pipelineAllowStart": true,
      "pipelineAllowMerge": true,
      "sparkExecutionEngine": "SPARK_SUBMIT"
    },
    "sparkCheckpoint": "NONE"
  }
}