{
    "details": {
        "parking_request": {
            "levels": [
                "No",
                "Yes"
            ],
            "with_others": true
        },
        "meal_plan": {
            "levels": [
                "Meal Plan 1",
                "Not Selected",
                "Meal Plan 2",
                "Meal Plan 3"
            ],
            "with_others": true
        },
        "first_time": {
            "levels": [
                "Yes",
                "No"
            ],
            "with_others": true
        },
        "room_type_reserved": {
            "levels": [
                "Room_Type 1",
                "Room_Type 4",
                "Room_Type 6",
                "Room_Type 2",
                "Room_Type 5",
                "Room_Type 7",
                "Room_Type 3"
            ],
            "with_others": true
        },
        "market_type": {
            "levels": [
                "Online",
                "Offline",
                "Corporate",
                "Complementary",
                "Aviation"
            ],
            "with_others": true
        }
    }
}