{
    "absoluteImportance": {
        "previous_cancellations": 0.0,
        "week_nights": 0.0,
        "number_of_special_requests": 1.0499347607922744,
        "year": 0.0,
        "adults": 0.08963697784926501,
        "parking_request": 0.0,
        "avg_price_per_room": 0.370418925637246,
        "meal_plan": 0.032778804412563825,
        "month": 0.06649892922598354,
        "children": 0.0,
        "first_time": 0.0,
        "lead_time": 1.00972913772135,
        "weekend_nights": 0.08357966150834298,
        "day": 0.0,
        "room_type_reserved": 0.006186265252154343,
        "market_type": 0.9397561914211786,
        "day_of_week": 0.0
    }
}