[
    {
        "test_score_gib": 0.8203740157480315,
        "train_score": 0.8223712545376238,
        "test_score": 0.8203740157480315,
        "num_samples": 4064,
        "fit_time": 3847,
        "score_time": 1556,
        "time": 5403,
        "parameters": {
            "max_depth": 6,
            "max_features": "sqrt",
            "min_samples_leaf": 1,
            "n_estimators": 100,
            "min_samples_split": 3
        },
        "done_at": 1741868302538,
        "split_id": 0
    },
    {
        "test_score_gib": 0.8174212598425197,
        "train_score": 0.8233556881806435,
        "test_score": 0.8174212598425197,
        "num_samples": 4064,
        "fit_time": 3784,
        "score_time": 1035,
        "time": 4819,
        "parameters": {
            "max_depth": 6,
            "max_features": "sqrt",
            "min_samples_leaf": 1,
            "n_estimators": 100,
            "min_samples_split": 3
        },
        "done_at": 1741868301955,
        "split_id": 1
    },
    {
        "test_score_gib": 0.8193453113462958,
        "train_score": 0.8283499446290143,
        "test_score": 0.8193453113462958,
        "num_samples": 4063,
        "fit_time": 3805,
        "score_time": 1090,
        "time": 4895,
        "parameters": {
            "max_depth": 6,
            "max_features": "sqrt",
            "min_samples_leaf": 1,
            "n_estimators": 100,
            "min_samples_split": 3
        },
        "done_at": 1741868302038,
        "split_id": 2
    },
    {
        "test_score_gib": 0.8235294117647058,
        "train_score": 0.8240433124154054,
        "test_score": 0.8235294117647058,
        "num_samples": 4063,
        "fit_time": 3936,
        "score_time": 1441,
        "time": 5377,
        "parameters": {
            "max_depth": 6,
            "max_features": "sqrt",
            "min_samples_leaf": 1,
            "n_estimators": 100,
            "min_samples_split": 3
        },
        "done_at": 1741868302529,
        "split_id": 3
    },
    {
        "test_score_gib": 0.8235294117647058,
        "train_score": 0.8240433124154054,
        "test_score": 0.8235294117647058,
        "num_samples": 4063,
        "fit_time": 3138,
        "score_time": 1278,
        "time": 4416,
        "parameters": {
            "max_depth": 6,
            "max_features": "sqrt",
            "min_samples_leaf": 1,
            "n_estimators": 100,
            "min_samples_split": 3
        },
        "done_at": 1741868306383,
        "split_id": 4
    },
    {
        "test_score_gib": 0.8804133858267716,
        "train_score": 0.9051867347566603,
        "test_score": 0.8804133858267716,
        "num_samples": 4064,
        "fit_time": 4560,
        "score_time": 1206,
        "time": 5766,
        "parameters": {
            "max_depth": 14,
            "max_features": "sqrt",
            "min_samples_leaf": 1,
            "n_estimators": 100,
            "min_samples_split": 3
        },
        "done_at": 1741868307849,
        "split_id": 0
    },
    {
        "test_score_gib": 0.8690944881889764,
        "train_score": 0.908016981480342,
        "test_score": 0.8690944881889764,
        "num_samples": 4064,
        "fit_time": 4559,
        "score_time": 1481,
        "time": 6040,
        "parameters": {
            "max_depth": 14,
            "max_features": "sqrt",
            "min_samples_leaf": 1,
            "n_estimators": 100,
            "min_samples_split": 3
        },
        "done_at": 1741868308592,
        "split_id": 1
    },
    {
        "test_score_gib": 0.8734924932316023,
        "train_score": 0.9066691275993601,
        "test_score": 0.8734924932316023,
        "num_samples": 4063,
        "fit_time": 4484,
        "score_time": 1514,
        "time": 5998,
        "parameters": {
            "max_depth": 14,
            "max_features": "sqrt",
            "min_samples_leaf": 1,
            "n_estimators": 100,
            "min_samples_split": 3
        },
        "done_at": 1741868308558,
        "split_id": 2
    },
    {
        "test_score_gib": 0.8796455820822052,
        "train_score": 0.9040851482711948,
        "test_score": 0.8796455820822052,
        "num_samples": 4063,
        "fit_time": 3325,
        "score_time": 704,
        "time": 4029,
        "parameters": {
            "max_depth": 14,
            "max_features": "sqrt",
            "min_samples_leaf": 1,
            "n_estimators": 100,
            "min_samples_split": 3
        },
        "done_at": 1741868310428,
        "split_id": 3
    },
    {
        "test_score_gib": 0.8835835589465912,
        "train_score": 0.9031007751937985,
        "test_score": 0.8835835589465912,
        "num_samples": 4063,
        "fit_time": 2448,
        "score_time": 562,
        "time": 3010,
        "parameters": {
            "max_depth": 14,
            "max_features": "sqrt",
            "min_samples_leaf": 1,
            "n_estimators": 100,
            "min_samples_split": 3
        },
        "done_at": 1741868310874,
        "split_id": 4
    }
]