{
    "startedAt": 1741868297120,
    "gridSize": 2,
    "nThreads": 4,
    "nSplits": 5,
    "metric": "ACCURACY",
    "timeout": null,
    "gridPoints": [
        {
            "finishedAt": 1741868306383,
            "score": 0.8208396908992469,
            "testScoreGibMean": 0.8208396908992469,
            "testScoreMean": 0.8208396908992469,
            "testScoreStd": 0.0023918613880375334,
            "trainScoreMean": 0.8244325479609346,
            "trainScoreStd": 0.002052160860159121,
            "time": 24910,
            "fitTimeMean": 3702.0,
            "fitTimeStd": 286.7786602939626,
            "scoreTimeMean": 1280.0,
            "scoreTimeStd": 199.11102430553663,
            "parameters": {
                "max_depth": 6,
                "max_features": "sqrt",
                "min_samples_leaf": 1,
                "n_estimators": 100,
                "min_samples_split": 3
            }
        },
        {
            "finishedAt": 1741868310874,
            "score": 0.8772456563469017,
            "testScoreGibMean": 0.8772456563469017,
            "testScoreMean": 0.8772456563469017,
            "testScoreStd": 0.0052248698211212734,
            "trainScoreMean": 0.9054118706138528,
            "trainScoreStd": 0.0017617884694993671,
            "time": 24843,
            "fitTimeMean": 3875.2,
            "fitTimeStd": 854.0246834840314,
            "scoreTimeMean": 1093.4,
            "scoreTimeStd": 393.40442295429267,
            "parameters": {
                "max_depth": 14,
                "max_features": "sqrt",
                "min_samples_leaf": 1,
                "n_estimators": 100,
                "min_samples_split": 3
            }
        }
    ]
}