{
    "modelInputNRows": 20317,
    "modelInputNCols": 42,
    "modelInputIsSparse": false,
    "modelInputMemory": 6826512,
    "usedGridSearch": true,
    "gridSize": 2,
    "gridBestScore": 0.8772456563469017,
    "gridCells": [
        {
            "params": {
                "max_depth": 6,
                "max_features": "sqrt",
                "min_samples_leaf": 1,
                "n_estimators": 100,
                "min_samples_split": 3
            },
            "score": 0.8208396908992469,
            "scoreStd": 0.0023918613880375334,
            "fitTime": 3.702,
            "fitTimeStd": 0.2867786602939626,
            "scoreTime": 1.28,
            "scoreTimeStd": 0.19911102430553662
        },
        {
            "params": {
                "max_depth": 14,
                "max_features": "sqrt",
                "min_samples_leaf": 1,
                "n_estimators": 100,
                "min_samples_split": 3
            },
            "score": 0.8772456563469017,
            "scoreStd": 0.0052248698211212734,
            "fitTime": 3.8752,
            "fitTimeStd": 0.8540246834840314,
            "scoreTime": 1.0934000000000001,
            "scoreTimeStd": 0.3934044229542927
        }
    ],
    "rawImportance": {
        "variables": [
            "previous_cancellations",
            "week_nights",
            "number_of_special_requests",
            "year",
            "adults",
            "avg_price_per_room",
            "month",
            "children",
            "lead_time",
            "weekend_nights",
            "day",
            "day_of_week",
            "dummy:parking_request:No",
            "dummy:parking_request:Yes",
            "dummy:meal_plan:Meal Plan 1",
            "dummy:meal_plan:Not Selected",
            "dummy:meal_plan:Meal Plan 2",
            "dummy:meal_plan:Meal Plan 3",
            "dummy:first_time:Yes",
            "dummy:first_time:No",
            "dummy:room_type_reserved:Room_Type 1",
            "dummy:room_type_reserved:Room_Type 4",
            "dummy:room_type_reserved:Room_Type 6",
            "dummy:room_type_reserved:Room_Type 2",
            "dummy:room_type_reserved:Room_Type 5",
            "dummy:room_type_reserved:Room_Type 7",
            "dummy:room_type_reserved:Room_Type 3",
            "dummy:market_type:Online",
            "dummy:market_type:Offline",
            "dummy:market_type:Corporate",
            "dummy:market_type:Complementary",
            "dummy:market_type:Aviation"
        ],
        "importances": [
            0.0005439655794264689,
            0.00023698159574206949,
            0.15437137668385048,
            0.04549113316077072,
            0.02264691538817153,
            0.11749828155785379,
            0.06980921353591948,
            0.0027307985900334253,
            0.33911493120305103,
            0.019599244249303985,
            0.04816983616193354,
            0.03033398303137498,
            0.005834835237917731,
            0.006675940278716183,
            0.00842477061955084,
            0.0052987505961971295,
            0.01102268720955073,
            8.232559167965413e-07,
            0.006856017986829995,
            0.004871202394836856,
            0.006405324060115922,
            0.006184842917262927,
            0.0017832671052621476,
            0.0019542179990861557,
            0.0012959227811833488,
            0.00034581283463747234,
            3.464884896929146e-05,
            0.04072425254049105,
            0.02870091867567182,
            0.009912353185497193,
            0.002524070939212374,
            0.0006026797956625804
        ]
    },
    "probaAware": true
}