{
    "metrics": {},
    "processed_feature_names": [
        "previous_cancellations",
        "week_nights",
        "number_of_special_requests",
        "year",
        "adults",
        "avg_price_per_room",
        "month",
        "children",
        "lead_time",
        "weekend_nights",
        "day",
        "day_of_week",
        "dummy:parking_request:No",
        "dummy:parking_request:Yes",
        "dummy:parking_request:N/A",
        "dummy:parking_request:__Others__",
        "dummy:meal_plan:Meal Plan 1",
        "dummy:meal_plan:Not Selected",
        "dummy:meal_plan:Meal Plan 2",
        "dummy:meal_plan:Meal Plan 3",
        "dummy:meal_plan:N/A",
        "dummy:meal_plan:__Others__",
        "dummy:first_time:Yes",
        "dummy:first_time:No",
        "dummy:first_time:N/A",
        "dummy:first_time:__Others__",
        "dummy:room_type_reserved:Room_Type 1",
        "dummy:room_type_reserved:Room_Type 4",
        "dummy:room_type_reserved:Room_Type 6",
        "dummy:room_type_reserved:Room_Type 2",
        "dummy:room_type_reserved:Room_Type 5",
        "dummy:room_type_reserved:Room_Type 7",
        "dummy:room_type_reserved:Room_Type 3",
        "dummy:room_type_reserved:N/A",
        "dummy:room_type_reserved:__Others__",
        "dummy:market_type:Online",
        "dummy:market_type:Offline",
        "dummy:market_type:Corporate",
        "dummy:market_type:Complementary",
        "dummy:market_type:Aviation",
        "dummy:market_type:N/A",
        "dummy:market_type:__Others__"
    ],
    "optimalThreshold": 0.525,
    "usedThreshold": 0.525,
    "perCutData": {
        "cut": [
            0.0,
            0.025,
            0.05,
            0.075,
            0.1,
            0.125,
            0.15,
            0.175,
            0.2,
            0.225,
            0.25,
            0.275,
            0.3,
            0.325,
            0.35,
            0.375,
            0.4,
            0.425,
            0.45,
            0.475,
            0.5,
            0.525,
            0.55,
            0.575,
            0.6,
            0.625,
            0.65,
            0.675,
            0.7,
            0.725,
            0.75,
            0.775,
            0.8,
            0.825,
            0.85,
            0.875,
            0.9,
            0.925,
            0.95,
            0.975
        ],
        "tp": [
            1648,
            1648,
            1648,
            1646,
            1643,
            1641,
            1629,
            1623,
            1612,
            1602,
            1585,
            1571,
            1551,
            1531,
            1489,
            1458,
            1426,
            1404,
            1370,
            1343,
            1328,
            1315,
            1294,
            1275,
            1250,
            1225,
            1203,
            1155,
            1112,
            1072,
            1018,
            924,
            816,
            685,
            635,
            576,
            493,
            411,
            301,
            148
        ],
        "tn": [
            16,
            269,
            494,
            751,
            974,
            1187,
            1427,
            1649,
            1849,
            2048,
            2197,
            2314,
            2464,
            2629,
            2756,
            2858,
            2943,
            3005,
            3058,
            3095,
            3116,
            3140,
            3159,
            3182,
            3205,
            3221,
            3236,
            3261,
            3280,
            3302,
            3333,
            3367,
            3397,
            3419,
            3424,
            3426,
            3427,
            3427,
            3427,
            3427
        ],
        "fp": [
            3411,
            3158,
            2933,
            2676,
            2453,
            2240,
            2000,
            1778,
            1578,
            1379,
            1230,
            1113,
            963,
            798,
            671,
            569,
            484,
            422,
            369,
            332,
            311,
            287,
            268,
            245,
            222,
            206,
            191,
            166,
            147,
            125,
            94,
            60,
            30,
            8,
            3,
            1,
            0,
            0,
            0,
            0
        ],
        "fn": [
            0,
            0,
            0,
            2,
            5,
            7,
            19,
            25,
            36,
            46,
            63,
            77,
            97,
            117,
            159,
            190,
            222,
            244,
            278,
            305,
            320,
            333,
            354,
            373,
            398,
            423,
            445,
            493,
            536,
            576,
            630,
            724,
            832,
            963,
            1013,
            1072,
            1155,
            1237,
            1347,
            1500
        ],
        "precision": [
            0.3257560782763392,
            0.3429047024552643,
            0.3597467801790002,
            0.38084220268394264,
            0.401123046875,
            0.4228291677402731,
            0.4488839900799118,
            0.4772125845339606,
            0.5053291536050156,
            0.5374035558537403,
            0.5630550621669627,
            0.5853204172876304,
            0.616945107398568,
            0.6573636753971661,
            0.6893518518518519,
            0.7192895905278737,
            0.7465968586387435,
            0.768893756845564,
            0.7878090856814262,
            0.8017910447761194,
            0.8102501525320317,
            0.8208489388264669,
            0.8284250960307298,
            0.8388157894736842,
            0.8491847826086957,
            0.8560447239692522,
            0.8629842180774749,
            0.874337623012869,
            0.8832406671961874,
            0.8955722639933166,
            0.9154676258992805,
            0.9390243902439024,
            0.9645390070921985,
            0.9884559884559885,
            0.9952978056426333,
            0.9982668977469671,
            1.0,
            1.0,
            1.0,
            1.0
        ],
        "recall": [
            1.0,
            1.0,
            1.0,
            0.9987864077669902,
            0.9969660194174758,
            0.995752427184466,
            0.9884708737864077,
            0.9848300970873787,
            0.9781553398058253,
            0.9720873786407767,
            0.9617718446601942,
            0.9532766990291263,
            0.9411407766990292,
            0.929004854368932,
            0.9035194174757282,
            0.8847087378640777,
            0.8652912621359223,
            0.8519417475728155,
            0.8313106796116505,
            0.8149271844660194,
            0.8058252427184466,
            0.7979368932038835,
            0.7851941747572816,
            0.7736650485436893,
            0.758495145631068,
            0.7433252427184466,
            0.7299757281553398,
            0.7008495145631068,
            0.6747572815533981,
            0.6504854368932039,
            0.6177184466019418,
            0.5606796116504854,
            0.49514563106796117,
            0.41565533980582525,
            0.38531553398058255,
            0.34951456310679613,
            0.2991504854368932,
            0.24939320388349515,
            0.18264563106796117,
            0.08980582524271845
        ],
        "accuracy": [
            0.32788177339901475,
            0.37773399014778325,
            0.4220689655172414,
            0.4723152709359606,
            0.5156650246305419,
            0.5572413793103448,
            0.602167487684729,
            0.6447290640394089,
            0.6819704433497537,
            0.7192118226600985,
            0.7452216748768473,
            0.7655172413793103,
            0.7911330049261084,
            0.819704433497537,
            0.8364532019704434,
            0.8504433497536946,
            0.8608866995073892,
            0.8687684729064039,
            0.872512315270936,
            0.8744827586206897,
            0.8756650246305419,
            0.8778325123152709,
            0.8774384236453202,
            0.8782266009852217,
            0.8778325123152709,
            0.8760591133004926,
            0.874679802955665,
            0.8701477832512315,
            0.8654187192118227,
            0.861871921182266,
            0.8573399014778326,
            0.8455172413793104,
            0.8301477832512315,
            0.8086699507389162,
            0.7998029556650247,
            0.7885714285714286,
            0.7724137931034483,
            0.7562561576354679,
            0.7345812807881773,
            0.7044334975369458
        ],
        "f1": [
            0.4914268674519159,
            0.510691044313604,
            0.5291379033552737,
            0.5514237855946399,
            0.572075208913649,
            0.5935973955507324,
            0.6173962478681069,
            0.6428995840760547,
            0.666391070690368,
            0.6921581335061568,
            0.7102845619538426,
            0.7253000923361035,
            0.7453147525228256,
            0.769927080714106,
            0.7820378151260504,
            0.7934693877551021,
            0.8015739179314221,
            0.8082901554404145,
            0.8089754945379393,
            0.8083057478182365,
            0.8080316397931243,
            0.8092307692307693,
            0.8062305295950155,
            0.8049242424242425,
            0.8012820512820512,
            0.7957128937966872,
            0.7909270216962525,
            0.7780397440215562,
            0.7650498796009633,
            0.7536028119507908,
            0.7376811594202898,
            0.7021276595744682,
            0.6543704891740177,
            0.5852199914566425,
            0.5555555555555556,
            0.5177528089887641,
            0.4605324614666044,
            0.3992229237493929,
            0.3088763468445357,
            0.16481069042316257
        ],
        "mcc": [
            0.03899861673836039,
            0.16406117145125831,
            0.22772194265282203,
            0.28708456614559885,
            0.33369382608969783,
            0.37769350376389454,
            0.42002359122677385,
            0.46413988477250356,
            0.5017160752836809,
            0.5418866399749435,
            0.5680110588606994,
            0.5896059527211227,
            0.6182758656638282,
            0.6541875956799207,
            0.6702731057369117,
            0.6871213106458213,
            0.6998526150750435,
            0.7110824410172376,
            0.7139917697042353,
            0.715061087182839,
            0.71609623116201,
            0.7195581231369095,
            0.7172496750440545,
            0.7178583757173834,
            0.7158647699176635,
            0.7110229843611758,
            0.7073544107294675,
            0.6962386888611074,
            0.6850799743622584,
            0.6772677493026866,
            0.6682455410119531,
            0.6433694149759693,
            0.61110764196031,
            0.5636639461374666,
            0.5430118669340827,
            0.5151581411775646,
            0.47301440387692206,
            0.42807522004886445,
            0.3620933000670929,
            0.2499297904687434
        ],
        "hammingLoss": [
            0.6721182266009853,
            0.6222660098522168,
            0.5779310344827586,
            0.5276847290640394,
            0.48433497536945813,
            0.4427586206896552,
            0.39783251231527095,
            0.3552709359605911,
            0.31802955665024635,
            0.28078817733990147,
            0.2547783251231527,
            0.23448275862068968,
            0.20886699507389161,
            0.18029556650246303,
            0.16354679802955663,
            0.14955665024630538,
            0.13911330049261084,
            0.1312315270935961,
            0.12748768472906402,
            0.1255172413793103,
            0.12433497536945814,
            0.12216748768472907,
            0.12256157635467979,
            0.12177339901477835,
            0.12216748768472907,
            0.12394088669950742,
            0.12532019704433495,
            0.12985221674876846,
            0.13458128078817733,
            0.13812807881773403,
            0.14266009852216743,
            0.1544827586206896,
            0.1698522167487685,
            0.19133004926108377,
            0.20019704433497532,
            0.2114285714285714,
            0.22758620689655173,
            0.24374384236453206,
            0.2654187192118227,
            0.29556650246305416
        ],
        "assertionsMetrics": [],
        "overridesMetrics": []
    },
    "tiMetrics": {
        "auc": 0.9397344510044451,
        "logLoss": 0.32701905948166493,
        "lift": 2.2117718446601944,
        "averagePrecision": 0.9014107980678749,
        "calibrationLoss": 0.08641203183312203
    },
    "probaPercentiles": [
        0.003621861701023477,
        0.009782872690729385,
        0.01537175649844029,
        0.01972718023908729,
        0.024309876201998138,
        0.027966601497212515,
        0.03224766707924192,
        0.038728587868244874,
        0.045676805489578684,
        0.05149339322326679,
        0.05504437576593069,
        0.06037882726110117,
        0.06671902959104631,
        0.07040378456886007,
        0.07650789849000832,
        0.08233260674120038,
        0.08752082155709749,
        0.09290994352660815,
        0.09768084025664787,
        0.10455952899686442,
        0.10878632339741337,
        0.11607453080347496,
        0.1212177327110215,
        0.12761788945924957,
        0.13187937535293853,
        0.1376072024856105,
        0.14342738625473944,
        0.14859716300941062,
        0.15397445932534215,
        0.1606415717666719,
        0.16549504161521517,
        0.1702635983507551,
        0.17523409125550088,
        0.18242330883896013,
        0.1867837684916682,
        0.19313550629669607,
        0.19937387997905787,
        0.20463353454935373,
        0.20954748289908076,
        0.2140858925534836,
        0.22297129192629805,
        0.23272040829758292,
        0.239962513034409,
        0.24606432311627308,
        0.2528267387303995,
        0.2617610665130448,
        0.2735595864719292,
        0.2832305742544215,
        0.2901753052789401,
        0.296300867537095,
        0.3033765454293175,
        0.31003780868544567,
        0.31677458463900654,
        0.32430153894856883,
        0.3316226131571109,
        0.34011882880112737,
        0.3462682453524721,
        0.35661901307816374,
        0.36490833152320173,
        0.37437702666864014,
        0.3855027824636026,
        0.39503500324222246,
        0.4079650479218667,
        0.4237344230332861,
        0.43697750265925467,
        0.4526177444103178,
        0.47535270337873614,
        0.506563513333858,
        0.5416364144910705,
        0.5731342580821838,
        0.5999732843171444,
        0.6328023332054813,
        0.6563031937919718,
        0.676094496568873,
        0.6957731567446215,
        0.7168330403631489,
        0.7314378764816961,
        0.7468756022925606,
        0.7606010213726416,
        0.7696912818081804,
        0.7785281692388791,
        0.7896420757889757,
        0.798582594252462,
        0.8048124705454793,
        0.8120762555403491,
        0.8204982984933237,
        0.8360957983832902,
        0.8655740858027802,
        0.8800153798523362,
        0.8949062463380828,
        0.9145319290271864,
        0.9269253588812256,
        0.9390711009764707,
        0.948509513427011,
        0.9583647089799123,
        0.967164723254066,
        0.9740028901899455,
        0.9805575704807837,
        0.9894238039808274
    ],
    "rocVizData": [
        [
            {
                "x": 0.0,
                "y": 0.0,
                "p": 1.9999414459368956
            },
            {
                "x": 0.0,
                "y": 0.05157766990291262,
                "p": 0.9856317615005143
            },
            {
                "x": 0.0,
                "y": 0.10376213592233009,
                "p": 0.9709868540971505
            },
            {
                "x": 0.0,
                "y": 0.154126213592233,
                "p": 0.9584638046704796
            },
            {
                "x": 0.0,
                "y": 0.20570388349514562,
                "p": 0.9426780842286946
            },
            {
                "x": 0.0,
                "y": 0.2609223300970874,
                "p": 0.9193215367743693
            },
            {
                "x": 0.0,
                "y": 0.3131067961165049,
                "p": 0.8948581352129635
            },
            {
                "x": 0.0002918004085205719,
                "y": 0.3628640776699029,
                "p": 0.8707537665008159
            },
            {
                "x": 0.0023344032681645753,
                "y": 0.41201456310679613,
                "p": 0.8254679820056933
            },
            {
                "x": 0.005836008170411439,
                "y": 0.45995145631067963,
                "p": 0.8097724833002831
            },
            {
                "x": 0.009337613072658301,
                "y": 0.5072815533980582,
                "p": 0.798286852725943
            },
            {
                "x": 0.016049022468631456,
                "y": 0.554004854368932,
                "p": 0.7780962658403991
            },
            {
                "x": 0.023344032681645754,
                "y": 0.5970873786407767,
                "p": 0.76089639300281
            },
            {
                "x": 0.0332652465713452,
                "y": 0.6383495145631068,
                "p": 0.7315962677487015
            },
            {
                "x": 0.04406186168660636,
                "y": 0.6777912621359223,
                "p": 0.6965815962058649
            },
            {
                "x": 0.054566676393346954,
                "y": 0.7178398058252428,
                "p": 0.6566085380598241
            },
            {
                "x": 0.06477969069156697,
                "y": 0.758495145631068,
                "p": 0.6001327653270068
            },
            {
                "x": 0.08082871316019842,
                "y": 0.7924757281553398,
                "p": 0.5358566958928161
            },
            {
                "x": 0.10242194339072075,
                "y": 0.8216019417475728,
                "p": 0.45959973449534713
            },
            {
                "x": 0.12343157280420193,
                "y": 0.8519417475728155,
                "p": 0.4246102265060286
            },
            {
                "x": 0.14998540997957396,
                "y": 0.8762135922330098,
                "p": 0.3880758164301554
            },
            {
                "x": 0.18237525532535745,
                "y": 0.8944174757281553,
                "p": 0.3617222041294184
            },
            {
                "x": 0.20951269331777064,
                "y": 0.9186893203883495,
                "p": 0.3403208820386396
            },
            {
                "x": 0.25007295010213015,
                "y": 0.9320388349514563,
                "p": 0.3157045121392038
            },
            {
                "x": 0.2929676101546542,
                "y": 0.9429611650485437,
                "p": 0.29361527947674104
            },
            {
                "x": 0.3329442661219726,
                "y": 0.9550970873786407,
                "p": 0.26740715058691333
            },
            {
                "x": 0.37467172454041436,
                "y": 0.9660194174757282,
                "p": 0.2413512140264561
            },
            {
                "x": 0.4190253866355413,
                "y": 0.9745145631067961,
                "p": 0.21427250216811017
            },
            {
                "x": 0.47125765976072365,
                "y": 0.9781553398058253,
                "p": 0.19566393369451243
            },
            {
                "x": 0.5159031222643712,
                "y": 0.9842233009708737,
                "p": 0.1768675218353856
            },
            {
                "x": 0.5643419900787862,
                "y": 0.9866504854368932,
                "p": 0.1606415717666719
            },
            {
                "x": 0.6121972570761599,
                "y": 0.9896844660194175,
                "p": 0.14041015665538237
            },
            {
                "x": 0.6644295302013423,
                "y": 0.995752427184466,
                "p": 0.11981915335993878
            },
            {
                "x": 0.7140355996498395,
                "y": 0.9969660194174758,
                "p": 0.10084451792263989
            },
            {
                "x": 0.7718120805369127,
                "y": 0.9987864077669902,
                "p": 0.07862190149695351
            },
            {
                "x": 0.8231689524365334,
                "y": 1.0,
                "p": 0.05968667217269138
            },
            {
                "x": 0.8745258243361541,
                "y": 1.0,
                "p": 0.04217360110457287
            },
            {
                "x": 0.9273416982783775,
                "y": 1.0,
                "p": 0.024309876201998138
            },
            {
                "x": 0.977531368543916,
                "y": 1.0,
                "p": 0.0068579851707015185
            },
            {
                "x": 1.0,
                "y": 1.0,
                "p": 0.0
            }
        ]
    ],
    "liftVizData": {
        "bins": [
            {
                "bin_pos_prop": 1.0,
                "bin_lift": 3.0794902913,
                "cum_lift": 0.3076456311,
                "cum_size": 0.0999014778,
                "bin_min": 0.8949062463,
                "bin_max": 0.9999414459,
                "percentile_idx": 0
            },
            {
                "bin_pos_prop": 0.8700787402,
                "bin_lift": 2.6793990329,
                "cum_lift": 0.5758495146,
                "cum_size": 0.2,
                "bin_min": 0.7696912818,
                "bin_max": 0.8949062463,
                "percentile_idx": 1
            },
            {
                "bin_pos_prop": 0.6456692913,
                "bin_lift": 1.988332314,
                "cum_lift": 0.7748786408,
                "cum_size": 0.3000985222,
                "bin_min": 0.5731342581,
                "bin_max": 0.7696912818,
                "percentile_idx": 2
            },
            {
                "bin_pos_prop": 0.3570019724,
                "bin_lift": 1.0993841079,
                "cum_lift": 0.8847087379,
                "cum_size": 0.4,
                "bin_min": 0.3743770267,
                "bin_max": 0.5731342581,
                "percentile_idx": 3
            },
            {
                "bin_pos_prop": 0.1877470356,
                "bin_lift": 0.5781651733,
                "cum_lift": 0.9423543689,
                "cum_size": 0.4997044335,
                "bin_min": 0.2963008675,
                "bin_max": 0.3743770267,
                "percentile_idx": 4
            },
            {
                "bin_pos_prop": 0.1060903733,
                "bin_lift": 0.3267042745,
                "cum_lift": 0.9751213592,
                "cum_size": 0.6,
                "bin_min": 0.2140858926,
                "bin_max": 0.2963008675,
                "percentile_idx": 5
            },
            {
                "bin_pos_prop": 0.0378486056,
                "bin_lift": 0.1165544134,
                "cum_lift": 0.9866504854,
                "cum_size": 0.6989162562,
                "bin_min": 0.1606415718,
                "bin_max": 0.2140858926,
                "percentile_idx": 6
            },
            {
                "bin_pos_prop": 0.0331384016,
                "bin_lift": 0.1020493859,
                "cum_lift": 0.9969660194,
                "cum_size": 0.8,
                "bin_min": 0.104559529,
                "bin_max": 0.1606415718,
                "percentile_idx": 7
            },
            {
                "bin_pos_prop": 0.0099206349,
                "bin_lift": 0.0305504989,
                "cum_lift": 1.0,
                "cum_size": 0.8993103448,
                "bin_min": 0.0514933932,
                "bin_max": 0.104559529,
                "percentile_idx": 8
            },
            {
                "bin_pos_prop": 0.0,
                "bin_lift": 0.0,
                "cum_lift": 1.0,
                "cum_size": 1.0,
                "bin_min": 0.0,
                "bin_max": 0.0514933932,
                "percentile_idx": 9
            }
        ],
        "wizard": {
            "positives": 1648,
            "total": 5075
        }
    },
    "prVizData": [
        {
            "bins": [
                {
                    "x": 1.0,
                    "y": 0.3757409940720474,
                    "p": 0.06831978607486859
                },
                {
                    "x": 0.995752427184466,
                    "y": 0.42044581091468103,
                    "p": 0.12286133533225368
                },
                {
                    "x": 0.9866504854368932,
                    "y": 0.45997171145685994,
                    "p": 0.16211657001728522
                },
                {
                    "x": 0.9781553398058253,
                    "y": 0.49953517198636505,
                    "p": 0.19566393369451243
                },
                {
                    "x": 0.970873786407767,
                    "y": 0.5403579871664979,
                    "p": 0.22932261271726326
                },
                {
                    "x": 0.9587378640776699,
                    "y": 0.5753823743627094,
                    "p": 0.26097479437959703
                },
                {
                    "x": 0.9435679611650486,
                    "y": 0.6062378167641326,
                    "p": 0.29266970281044824
                },
                {
                    "x": 0.9320388349514563,
                    "y": 0.6418721270371918,
                    "p": 0.3157045121392038
                },
                {
                    "x": 0.9186893203883495,
                    "y": 0.6752899197145406,
                    "p": 0.3378094982135822
                },
                {
                    "x": 0.8968446601941747,
                    "y": 0.6978281397544853,
                    "p": 0.35871022384893353
                },
                {
                    "x": 0.8816747572815534,
                    "y": 0.7290516808830908,
                    "p": 0.3839718638397037
                },
                {
                    "x": 0.8610436893203883,
                    "y": 0.7543859649122807,
                    "p": 0.40644068592490923
                },
                {
                    "x": 0.8440533980582524,
                    "y": 0.783661971830986,
                    "p": 0.43729179018313175
                },
                {
                    "x": 0.8161407766990292,
                    "y": 0.8005952380952381,
                    "p": 0.47189123307942
                },
                {
                    "x": 0.7942961165048543,
                    "y": 0.8253467843631778,
                    "p": 0.5357465259238764
                },
                {
                    "x": 0.7669902912621359,
                    "y": 0.8432288192128086,
                    "p": 0.5872147589911516
                },
                {
                    "x": 0.7360436893203883,
                    "y": 0.8572438162544169,
                    "p": 0.6349100589862219
                },
                {
                    "x": 0.7069174757281553,
                    "y": 0.8739684921230307,
                    "p": 0.6698676789925472
                },
                {
                    "x": 0.6717233009708737,
                    "y": 0.8834796488427773,
                    "p": 0.7018914760202147
                },
                {
                    "x": 0.6413834951456311,
                    "y": 0.8988095238095238,
                    "p": 0.7302644411927747
                },
                {
                    "x": 0.6146844660194175,
                    "y": 0.9184043517679057,
                    "p": 0.7537379325136976
                },
                {
                    "x": 0.5813106796116505,
                    "y": 0.9319066147859922,
                    "p": 0.7679696044620123
                },
                {
                    "x": 0.5473300970873787,
                    "y": 0.9445026178010472,
                    "p": 0.7807459876660025
                },
                {
                    "x": 0.5169902912621359,
                    "y": 0.9627118644067797,
                    "p": 0.7947657296390467
                },
                {
                    "x": 0.47815533980582525,
                    "y": 0.9716399506781751,
                    "p": 0.8049165698373615
                },
                {
                    "x": 0.4375,
                    "y": 0.9796195652173914,
                    "p": 0.81524155349288
                },
                {
                    "x": 0.40109223300970875,
                    "y": 0.9939849624060151,
                    "p": 0.8332938394410053
                },
                {
                    "x": 0.35072815533980584,
                    "y": 0.998272884283247,
                    "p": 0.8746663889056198
                },
                {
                    "x": 0.30218446601941745,
                    "y": 1.0,
                    "p": 0.8980822836706586
                },
                {
                    "x": 0.2518203883495146,
                    "y": 1.0,
                    "p": 0.9239397478585281
                },
                {
                    "x": 0.19963592233009708,
                    "y": 1.0,
                    "p": 0.9431914257818519
                },
                {
                    "x": 0.1486650485436893,
                    "y": 1.0,
                    "p": 0.9588255451703867
                },
                {
                    "x": 0.0983009708737864,
                    "y": 1.0,
                    "p": 0.9712553167260597
                },
                {
                    "x": 0.047936893203883495,
                    "y": 1.0,
                    "p": 0.985695398332278
                },
                {
                    "x": 0.0018203883495145632,
                    "y": 1.0,
                    "p": 0.9999414459368957
                }
            ],
            "positiveRate": 0.3247290640394089
        }
    ],
    "densityData": {
        "Not_Canceled": {
            "actualIsThisClass": [
                3.0919300094410415e-05,
                7.117547906444222e-05,
                0.00015506011704588196,
                0.00032060558075546744,
                0.0006312237236893334,
                0.0011878212504484085,
                0.00214478089002296,
                0.0037303574394355493,
                0.0062707659689083,
                0.01021385396051724,
                0.016142527165518145,
                0.024761844685070766,
                0.03684117885550509,
                0.05309919395076828,
                0.07403703652378771,
                0.09975009608080423,
                0.1297702879130742,
                0.16299621413430454,
                0.1977505991753154,
                0.23196737630488282,
                0.2634698110765745,
                0.2902743173846131,
                0.31085333463517467,
                0.32431245019133004,
                0.3304674634697537,
                0.32982896223485697,
                0.32350672561850186,
                0.31304065106011214,
                0.3001658082994943,
                0.2865385697085567,
                0.2734817052962239,
                0.26182412718998166,
                0.2518914094017168,
                0.2436452267140379,
                0.23690242201834794,
                0.23152906587837147,
                0.22752590875291456,
                0.2249873690684739,
                0.22398641186964852,
                0.22447121192109296,
                0.22624104587649224,
                0.2290159591036959,
                0.2325626724785012,
                0.23681691591443102,
                0.24195648670921127,
                0.24841410796675137,
                0.2568495542173479,
                0.26810837100038626,
                0.2831788875655414,
                0.30313576052194613,
                0.3290482858514871,
                0.36184682169774235,
                0.4021730820202057,
                0.45026634034513763,
                0.5059352563706414,
                0.5686306896763753,
                0.6375887714750265,
                0.7119851238550354,
                0.7910457657071701,
                0.874086842879548,
                0.9604776500568972,
                1.0495248190738655,
                1.1402744178194448,
                1.231254622975256,
                1.3202477358096354,
                1.404253006293937,
                1.4798114798767852,
                1.5437568664230854,
                1.5942495209777896,
                1.631744090604447,
                1.6594653333917848,
                1.6830945078955148,
                1.7096591460225712,
                1.7459328837768953,
                1.796836824016849,
                1.8643145426231882,
                1.9469646281804045,
                2.040462568385487,
                2.1385901627687343,
                2.234568407464917,
                2.3223636561447156,
                2.3976889032528756,
                2.4585285666972583,
                2.5051463830484675,
                2.5396548184290224,
                2.565297207231275,
                2.58560727506464,
                2.603577417672056,
                2.6209155174123726,
                2.637428566535046,
                2.65055968820454,
                2.6551333638183077,
                2.6434274318243904,
                2.605757059951279,
                2.5317566361109836,
                2.4124014834238583,
                2.2425004297735907,
                2.0230137297840667,
                1.7623261220915227,
                1.4757483544438132
            ],
            "actualIsNotThisClass": [
                1.5879000055603907,
                1.783094241356134,
                1.9551034662692832,
                2.0961255721221104,
                2.2010987223382075,
                2.2682729634903223,
                2.299327143431984,
                2.2990263996162565,
                2.2744926299205073,
                2.2342149067745924,
                2.1869514298312858,
                2.140671479480284,
                2.1016633702665457,
                2.073902365626817,
                2.058737728522922,
                2.05492282611816,
                2.0589756425953483,
                2.0658184995803626,
                2.0696077331832132,
                2.0646331177640462,
                2.0461517882942135,
                2.011029597805787,
                1.9580962159856012,
                1.8881735108439885,
                1.803798198306388,
                1.7087148723713161,
                1.6072515237930234,
                1.5036992545929917,
                1.4018011692916612,
                1.304419089541556,
                1.2134015678749799,
                1.1296341051107566,
                1.053221577027936,
                0.9837384739261609,
                0.9204847672363192,
                0.8627002389254823,
                0.8097118289478314,
                0.7610104331868771,
                0.7162703198351278,
                0.6753329537274592,
                0.6381772091397584,
                0.6048916568620836,
                0.5756551378704421,
                0.5507227637044867,
                0.5304086938171751,
                0.515056068464077,
                0.5049882726056709,
                0.5004427831341185,
                0.5014967420306137,
                0.5079993427353158,
                0.519527854714892,
                0.5353806035562197,
                0.5546120981329239,
                0.5761050021025674,
                0.5986640430473966,
                0.6211114491471881,
                0.6423640997082497,
                0.6614792418228244,
                0.6776661913497841,
                0.6902722983298669,
                0.6987588647038769,
                0.702684142150297,
                0.7017056646101073,
                0.6956049169717181,
                0.684327171006773,
                0.6680219182097448,
                0.6470672594652915,
                0.6220654356256375,
                0.5938048632545191,
                0.5631936108665455,
                0.5311769674651438,
                0.49865525445696435,
                0.4664165836358513,
                0.4350938648001425,
                0.4051482091312076,
                0.3768744470342874,
                0.35042066769175906,
                0.32581320523246976,
                0.30298080563361995,
                0.2817753981878122,
                0.26199031474905315,
                0.24337868545631003,
                0.22567461237465666,
                0.20861794712314222,
                0.19198102968402384,
                0.17559369505649822,
                0.1593620581552484,
                0.14327732835859247,
                0.12741287441659238,
                0.11191024149301315,
                0.09695700218752688,
                0.0827605974720949,
                0.06952247481670931,
                0.057416035577851764,
                0.0465705870464513,
                0.037062122607011964,
                0.02891066023007829,
                0.02208318223969635,
                0.016500889644562578,
                0.012049382444123609
            ],
            "actualIsThisClassMedian": 0.8172027989779306,
            "actualIsNotThisClassMedian": 0.20055873302321914
        },
        "Canceled": {
            "actualIsThisClass": [
                0.012049382444123631,
                0.016500889644562634,
                0.022083182239696488,
                0.02891066023007829,
                0.03706212260701216,
                0.04657058704645142,
                0.057416035577851764,
                0.06952247481670949,
                0.08276059747209483,
                0.09695700218752672,
                0.11191024149301275,
                0.12741287441659271,
                0.14327732835859272,
                0.15936205815524812,
                0.1755936950564979,
                0.1919810296840228,
                0.20861794712314222,
                0.22567461237465627,
                0.2433786854563113,
                0.2619903147490506,
                0.2817753981878125,
                0.302980805633621,
                0.3258132052324715,
                0.35042066769175717,
                0.37687444703428974,
                0.4051482091312083,
                0.43509386480014367,
                0.46641658363584676,
                0.4986552544569639,
                0.53117696746514,
                0.5631936108665421,
                0.5938048632545202,
                0.6220654356256348,
                0.6470672594652875,
                0.6680219182097483,
                0.6843271710067815,
                0.6956049169717082,
                0.7017056646101173,
                0.7026841421503033,
                0.6987588647038757,
                0.6902722983298761,
                0.6776661913497956,
                0.6614792418228238,
                0.6423640997082475,
                0.6211114491471947,
                0.5986640430473966,
                0.5761050021025608,
                0.554612098132917,
                0.5353806035562112,
                0.5195278547148944,
                0.5079993427353202,
                0.5014967420306203,
                0.5004427831341176,
                0.5049882726056668,
                0.5150560684640889,
                0.5304086938171666,
                0.5507227637044838,
                0.5756551378704405,
                0.6048916568620889,
                0.6381772091397551,
                0.6753329537274556,
                0.7162703198351298,
                0.7610104331868804,
                0.8097118289478307,
                0.8627002389254876,
                0.9204847672363095,
                0.9837384739261495,
                1.053221577027936,
                1.1296341051107346,
                1.213401567875009,
                1.304419089541521,
                1.4018011692916774,
                1.5036992545930266,
                1.6072515237930105,
                1.7087148723713266,
                1.803798198306364,
                1.8881735108439683,
                1.958096215985629,
                2.011029597805769,
                2.0461517882941846,
                2.0646331177640427,
                2.069607733183228,
                2.0658184995803848,
                2.05897564259537,
                2.0549228261181747,
                2.058737728522922,
                2.0739023656268394,
                2.101663370266523,
                2.140671479480265,
                2.1869514298312778,
                2.2342149067746004,
                2.2744926299205237,
                2.299026399616281,
                2.299327143432017,
                2.2682729634903223,
                2.2010987223381995,
                2.096125572122125,
                1.955103466269266,
                1.7830942413561117,
                1.5879000055603865
            ],
            "actualIsNotThisClass": [
                1.4757483544438106,
                1.762326122091551,
                2.023013729784074,
                2.2425004297736066,
                2.4124014834238627,
                2.531756636110925,
                2.605757059951326,
                2.6434274318243527,
                2.6551333638183503,
                2.6505596882045586,
                2.63742856653506,
                2.62091551741241,
                2.6035774176720285,
                2.585607275064695,
                2.5652972072311973,
                2.5396548184289998,
                2.5051463830484315,
                2.458528566697197,
                2.3976889032528885,
                2.3223636561447156,
                2.2345684074649403,
                2.138590162768719,
                2.040462568385487,
                1.9469646281804114,
                1.8643145426231815,
                1.7968368240168555,
                1.7459328837769137,
                1.7096591460225863,
                1.6830945078955029,
                1.6594653333917584,
                1.6317440906044178,
                1.5942495209777783,
                1.5437568664230907,
                1.4798114798768431,
                1.4042530062939418,
                1.3202477358096072,
                1.2312546229752384,
                1.1402744178194568,
                1.0495248190738728,
                0.9604776500568767,
                0.8740868428795464,
                0.7910457657071646,
                0.7119851238550462,
                0.6375887714750214,
                0.5686306896763698,
                0.5059352563706365,
                0.45026634034513924,
                0.4021730820202043,
                0.3618468216977414,
                0.32904828585148976,
                0.30313576052194746,
                0.28317888756554066,
                0.26810837100038437,
                0.25684955421734657,
                0.24841410796675178,
                0.24195648670921105,
                0.2368169159144306,
                0.23256267247850182,
                0.22901595910369468,
                0.22624104587649405,
                0.22447121192109157,
                0.22398641186964513,
                0.2249873690684731,
                0.22752590875291495,
                0.23152906587837124,
                0.23690242201834605,
                0.24364522671403985,
                0.2518914094017168,
                0.2618241271899805,
                0.2734817052962244,
                0.2865385697085582,
                0.30016580829949374,
                0.3130406510601124,
                0.32350672561850186,
                0.32982896223485375,
                0.33046746346975164,
                0.32431245019132976,
                0.31085333463517495,
                0.2902743173846131,
                0.2634698110765757,
                0.2319673763048822,
                0.19775059917531504,
                0.16299621413430426,
                0.12977028791307385,
                0.09975009608080504,
                0.07403703652378764,
                0.05309919395076828,
                0.03684117885550493,
                0.024761844685070745,
                0.016142527165518002,
                0.010213853960517114,
                0.006270765968908283,
                0.003730357439435533,
                0.002144780890022958,
                0.0011878212504483926,
                0.0006312237236893238,
                0.00032060558075546744,
                0.00015506011704588115,
                7.117547906444196e-05,
                3.0919300094410686e-05
            ],
            "actualIsThisClassMedian": 0.7994412669767809,
            "actualIsNotThisClassMedian": 0.1827972010220692
        }
    },
    "calibrationData": [
        {
            "y": 0,
            "x": 0,
            "n": 0
        },
        {
            "y": 0.005107252298263534,
            "x": 0.04842703853501903,
            "n": 979.0
        },
        {
            "y": 0.03421633554083885,
            "x": 0.14977551134344047,
            "n": 906.0
        },
        {
            "y": 0.09023668639053255,
            "x": 0.24689590525135505,
            "n": 676.0
        },
        {
            "y": 0.20695364238410596,
            "x": 0.3449056061582331,
            "n": 604.0
        },
        {
            "y": 0.36162361623616235,
            "x": 0.4408117272619344,
            "n": 271.0
        },
        {
            "y": 0.46706586826347307,
            "x": 0.5525029811099349,
            "n": 167.0
        },
        {
            "y": 0.647887323943662,
            "x": 0.6555369367999507,
            "n": 213.0
        },
        {
            "y": 0.7167070217917676,
            "x": 0.7588061409151375,
            "n": 413.0
        },
        {
            "y": 0.9150141643059491,
            "x": 0.8419356461812139,
            "n": 353.0
        },
        {
            "y": 1.0,
            "x": 0.956047134050814,
            "n": 493.0
        },
        {
            "y": 1,
            "x": 1,
            "n": 0
        }
    ],
    "probaDistribData": {
        "bins": [
            0.0,
            0.1,
            0.2,
            0.3,
            0.4,
            0.5,
            0.6,
            0.7,
            0.8,
            0.9,
            1.0
        ],
        "probaDistribs": [
            [
                974.0,
                875.0,
                615.0,
                479.0,
                173.0,
                89.0,
                75.0,
                117.0,
                30.0,
                0.0
            ],
            [
                5.0,
                31.0,
                61.0,
                125.0,
                98.0,
                78.0,
                138.0,
                296.0,
                323.0,
                493.0
            ]
        ]
    },
    "globalMetrics": {
        "testWeight": 5075,
        "targetAvg": [
            0.3247290640394089
        ],
        "targetStd": [
            0.46831967225851195
        ],
        "predictionAvg": [
            0.31566502463054186
        ],
        "predictionStd": [
            0.46478018122069403
        ]
    }
}