{
  "state": "DONE",
  "preSearchDescription": {
    "gridLength": 2,
    "searchStrategy": "GRID",
    "importantParams": [
      {
        "name": "trees",
        "vals": [
          "100"
        ]
      },
      {
        "name": "depth",
        "vals": [
          "6",
          "14"
        ]
      },
      {
        "name": "min_samples",
        "vals": [
          "1"
        ]
      }
    ]
  },
  "postSearchDescription": {
    "importantParams": [
      {
        "name": "trees",
        "val": "100"
      },
      {
        "name": "depth",
        "val": "14"
      },
      {
        "name": "min_samples",
        "val": "1"
      }
    ]
  },
  "resumed": false,
  "timeOrderingEnabled": false,
  "sampleWeightsEnabled": false,
  "modelId": "m1",
  "progress": {
    "top_level_todo": [],
    "stack": [],
    "top_level_done": [
      {
        "name": "Loading train set",
        "time": 3199
      },
      {
        "name": "Loading test set",
        "time": 163
      },
      {
        "name": "Collecting statistics",
        "time": 188
      },
      {
        "name": "Preprocessing train set",
        "time": 391
      },
      {
        "name": "Preprocessing test set",
        "time": 157
      },
      {
        "name": "Hyperparameter searching",
        "time": 14251
      },
      {
        "name": "Fitting model",
        "time": 2133
      },
      {
        "name": "Saving model",
        "time": 8127
      },
      {
        "name": "Scoring model",
        "time": 6331
      },
      {
        "name": "Preparing explainability",
        "time": 22708
      }
    ]
  },
  "startTime": 1741868292902,
  "endTime": 1741868350630,
  "preprocessingTime": 4138,
  "trainingTime": 53590,
  "hyperparamsSearchTime": 14251,
  "pythonVersion": "3.7.13",
  "packagesVersion": {
    "pandas": "1.1.5",
    "scikit-learn": "1.0.2",
    "scipy": "1.7.3",
    "lightgbm": "3.2.1",
    "flask": "2.2.5",
    "itsdangerous": "2.1.2",
    "jinja2": "3.0.3",
    "xgboost": "0.82",
    "werkzeug": "2.2.3",
    "statsmodels": "0.13.5",
    "markupsafe": "2.1.5",
    "cloudpickle": "1.5.0"
  }
}