{
  "starred": false,
  "clusterMetas": {},
  "customMeta": {
    "kv": {}
  },
  "tags": [],
  "activeClassifierThreshold": 0.525,
  "description": "",
  "name": "Random forest (s1)",
  "labels": [
    {
      "key": "trainDataset:dataset-name",
      "value": "booking_train_prepared2"
    },
    {
      "key": "testDataset:dataset-name",
      "value": "booking_train_prepared2"
    },
    {
      "key": "evaluationDataset:dataset-name",
      "value": "booking_train_prepared2"
    },
    {
      "key": "model:algorithm",
      "value": "RANDOM_FOREST_CLASSIFICATION"
    },
    {
      "key": "model:name",
      "value": "Random forest (s1)"
    },
    {
      "key": "model:date",
      "value": "2025-03-13T13:19:10.630+0100"
    },
    {
      "key": "evaluation:date",
      "value": "2025-03-13T13:19:10.630+0100"
    }
  ]
}