{
  "tags": {
    "ANALYSIS.61l6xqNw": {
      "versionNumber": 0,
      "lastModifiedBy": {
        "login": "admin"
      },
      "lastModifiedOn": 1741867051532
    },
    "ANALYSIS.EkY3VsKQ": {
      "versionNumber": 0,
      "lastModifiedBy": {
        "login": "admin"
      },
      "lastModifiedOn": 1741867252197
    },
    "ANALYSIS.fyN9FUXz": {
      "versionNumber": 0,
      "lastModifiedBy": {
        "login": "admin"
      },
      "lastModifiedOn": 1741868226452
    },
    "ANALYSIS.xrOVfAnI": {
      "versionNumber": 0,
      "lastModifiedBy": {
        "login": "admin"
      },
      "lastModifiedOn": 1741865658035
    },
    "DASHBOARD.azFiBHT": {
      "versionNumber": 16,
      "lastModifiedBy": {
        "login": "admin"
      },
      "lastModifiedOn": 1741901831622
    },
    "DATASET.booking_test": {
      "versionNumber": 1,
      "lastModifiedBy": {
        "login": "admin"
      },
      "lastModifiedOn": 1741865152514
    },
    "DATASET.booking_test_prepared": {
      "versionNumber": 3,
      "lastModifiedBy": {
        "login": "admin"
      },
      "lastModifiedOn": 1741867973326
    },
    "DATASET.booking_test_prepared_scored": {
      "versionNumber": 0,
      "lastModifiedBy": {
        "login": "admin"
      },
      "lastModifiedOn": 1741868621299
    },
    "DATASET.booking_test_prepared_scored_prepared": {
      "versionNumber": 0,
      "lastModifiedBy": {
        "login": "admin"
      },
      "lastModifiedOn": 1741866759023
    },
    "DATASET.booking_train": {
      "versionNumber": 1,
      "lastModifiedBy": {
        "login": "admin"
      },
      "lastModifiedOn": 1741867170385
    },
    "DATASET.booking_train_prepared": {
      "versionNumber": 1,
      "lastModifiedBy": {
        "login": "admin"
      },
      "lastModifiedOn": 1741866957497
    },
    "DATASET.booking_train_prepared2": {
      "versionNumber": 2,
      "lastModifiedBy": {
        "login": "admin"
      },
      "lastModifiedOn": 1741868137210
    },
    "INSIGHT.40mC3Ek": {
      "versionNumber": 0,
      "lastModifiedBy": {
        "login": "admin"
      },
      "lastModifiedOn": 1741868910534
    },
    "INSIGHT.B6JSY2n": {
      "versionNumber": 0,
      "lastModifiedBy": {
        "login": "admin"
      },
      "lastModifiedOn": 1741901409305
    },
    "INSIGHT.BNeG54K": {
      "versionNumber": 0,
      "lastModifiedBy": {
        "login": "admin"
      },
      "lastModifiedOn": 1741901758098
    },
    "INSIGHT.PZ3tlII": {
      "versionNumber": 0,
      "lastModifiedBy": {
        "login": "admin"
      },
      "lastModifiedOn": 1741901578877
    },
    "INSIGHT.dSDc0YJ": {
      "versionNumber": 0,
      "lastModifiedBy": {
        "login": "admin"
      },
      "lastModifiedOn": 1741901359100
    },
    "MODEL_EVALUATION_STORE.2s8iSgnt": {
      "versionNumber": 5,
      "lastModifiedBy": {
        "login": "admin"
      },
      "lastModifiedOn": 1741868843630
    },
    "PROJECT.ML_EXAM_BOOKING": {
      "versionNumber": 4,
      "lastModifiedBy": {
        "login": "admin"
      },
      "lastModifiedOn": 1741901757931
    },
    "RECIPE.compute_booking_test_prepared": {
      "versionNumber": 5,
      "lastModifiedBy": {
        "login": "admin"
      },
      "lastModifiedOn": 1741868017230
    },
    "RECIPE.compute_booking_test_prepared_scored_prepared": {
      "versionNumber": 0,
      "lastModifiedBy": {
        "login": "admin"
      },
      "lastModifiedOn": 1741866759054
    },
    "RECIPE.compute_booking_train_prepared": {
      "versionNumber": 2,
      "lastModifiedBy": {
        "login": "admin"
      },
      "lastModifiedOn": 1741866957762
    },
    "RECIPE.compute_booking_train_prepared2": {
      "versionNumber": 3,
      "lastModifiedBy": {
        "login": "admin"
      },
      "lastModifiedOn": 1741868137363
    },
    "RECIPE.score_booking_test_prepared": {
      "versionNumber": 1,
      "lastModifiedBy": {
        "login": "admin"
      },
      "lastModifiedOn": 1741868625420
    },
    "RECIPE.standalone_evaluate_on_booking_test_prepared_scored": {
      "versionNumber": 1,
      "lastModifiedBy": {
        "login": "admin"
      },
      "lastModifiedOn": 1741868776883
    },
    "RECIPE.train_Predict_booking_status__binary_": {
      "versionNumber": 0,
      "lastModifiedBy": {
        "login": "admin"
      },
      "lastModifiedOn": 1741868519103
    },
    "RECIPE.train_Predict_booking_status__binary__2": {
      "versionNumber": 0,
      "lastModifiedBy": {
        "login": "admin"
      },
      "lastModifiedOn": 1741867655606
    },
    "SAVED_MODEL.B8O5LIVs": {
      "versionNumber": 0,
      "lastModifiedBy": {
        "login": "admin"
      },
      "lastModifiedOn": 1741867655591
    },
    "SAVED_MODEL.DimmQ1yu": {
      "versionNumber": 0,
      "lastModifiedBy": {
        "login": "admin"
      },
      "lastModifiedOn": 1741866502304
    },
    "SAVED_MODEL.jHHOoiMI": {
      "versionNumber": 0,
      "lastModifiedBy": {
        "login": "admin"
      },
      "lastModifiedOn": 1741868519082
    },
    "STATISTICS_WORKSHEET.amsYHH7xHK": {
      "versionNumber": 7,
      "lastModifiedBy": {
        "login": "admin"
      },
      "lastModifiedOn": 1741901728677
    },
    "STATISTICS_WORKSHEET.gaxg32mIOd": {
      "versionNumber": 1,
      "lastModifiedBy": {
        "login": "admin"
      },
      "lastModifiedOn": 1741868895674
    }
  }
}