{
  "dataSpec": {
    "inputDatasetSmartName": "booking_train",
    "datasetSelection": {
      "useMemTable": false,
      "filter": {
        "distinct": false,
        "enabled": false
      },
      "partitionSelectionMethod": "ALL",
      "latestPartitionsN": 1,
      "ordering": {
        "enabled": false,
        "rules": []
      },
      "samplingMethod": "HEAD_SEQUENTIAL",
      "maxRecords": 100000,
      "targetRatio": 0.02,
      "ascending": false,
      "withinFirstN": -1,
      "maxReadUncompressedBytes": -1,
      "seed": 1337
    },
    "autoRefreshSample": true,
    "refreshTrigger": 0,
    "containerSelection": {
      "containerMode": "INHERIT"
    }
  },
  "rootCard": {
    "type": "worksheet_root",
    "confidenceLevel": 0.95,
    "showConfidenceInterval": false,
    "cards": [
      {
        "type": "chi2_independence_test",
        "maxValuesX": 5,
        "maxValuesY": 5,
        "confidenceLevel": 0.95,
        "xColumn": {
          "name": "adults",
          "type": "CATEGORICAL"
        },
        "yColumn": {
          "name": "parking_request",
          "type": "CATEGORICAL"
        },
        "id": "aAJiG83"
      }
    ],
    "id": "AWJx0bw"
  },
  "name": "Worksheet",
  "creationTag": {
    "versionNumber": 0,
    "lastModifiedBy": {
      "login": "admin"
    },
    "lastModifiedOn": 1741868869514
  },
  "tags": [],
  "customFields": {},
  "checklists": {
    "checklists": []
  }
}