{
  "type": "eda",
  "params": {
    "card": {
      "type": "univariate_header",
      "showHistogram": true,
      "showQuantile": true,
      "showFrequencyTable": true,
      "showSummary": true,
      "showBoxPlot": true,
      "showCumulativeDistributionFunction": true,
      "xColumns": [
        {
          "name": "number_of_special_requests",
          "type": "CONTINUOUS"
        },
        {
          "name": "prediction",
          "type": "CATEGORICAL"
        },
        {
          "name": "day_of_week",
          "type": "CONTINUOUS"
        },
        {
          "name": "proba_Canceled",
          "type": "CONTINUOUS"
        },
        {
          "name": "month",
          "type": "CONTINUOUS"
        },
        {
          "name": "day",
          "type": "CONTINUOUS"
        },
        {
          "name": "lead_time",
          "type": "CONTINUOUS"
        },
        {
          "name": "year",
          "type": "CONTINUOUS"
        },
        {
          "name": "avg_price_per_room",
          "type": "CONTINUOUS"
        },
        {
          "name": "first_time",
          "type": "CATEGORICAL"
        },
        {
          "name": "market_type",
          "type": "CATEGORICAL"
        },
        {
          "name": "Booking_ID",
          "type": "CATEGORICAL"
        },
        {
          "name": "parking_request",
          "type": "CATEGORICAL"
        },
        {
          "name": "adults",
          "type": "CONTINUOUS"
        },
        {
          "name": "meal_plan",
          "type": "CATEGORICAL"
        },
        {
          "name": "children",
          "type": "CONTINUOUS"
        },
        {
          "name": "week_nights",
          "type": "CONTINUOUS"
        },
        {
          "name": "weekend_nights",
          "type": "CONTINUOUS"
        },
        {
          "name": "room_type_reserved",
          "type": "CATEGORICAL"
        },
        {
          "name": "previous_cancellations",
          "type": "CONTINUOUS"
        },
        {
          "name": "proba_Not_Canceled",
          "type": "CONTINUOUS"
        }
      ],
      "cards": [
        {
          "type": "column_card",
          "column": {
            "name": "number_of_special_requests",
            "type": "CONTINUOUS"
          },
          "cards": [
            {
              "type": "numerical_histogram",
              "showBoxPlot": true,
              "showHistogram": true,
              "binningMode": "AUTO",
              "nbBins": 25,
              "customBinningBoundaries": [],
              "column": {
                "name": "number_of_special_requests",
                "type": "CONTINUOUS"
              },
              "id": "3ZqHm0G"
            },
            {
              "type": "cdf_plot",
              "column": {
                "name": "number_of_special_requests",
                "type": "CONTINUOUS"
              },
              "id": "GOq07Di"
            },
            {
              "type": "univariate_summary",
              "confidenceLevel": 0.95,
              "showConfidenceInterval": false,
              "compute": {
                "totalCount": true,
                "mean": true,
                "sum": false,
                "median": true,
                "std": true,
                "variance": false,
                "skewness": false,
                "kurtosis": false,
                "sem": false,
                "completeCount": true,
                "nbEmpty": true,
                "zeroCount": false,
                "zeroRatio": false,
                "nonZeroRatio": false,
                "iqr": false,
                "distinctCount": true,
                "nbNonEmpty": false,
                "min": true,
                "max": true,
                "range": false,
                "mode": true
              },
              "column": {
                "name": "number_of_special_requests",
                "type": "CONTINUOUS"
              },
              "id": "Pqwx6WW"
            },
            {
              "type": "quantile_table",
              "confidenceLevel": 0.95,
              "showConfidenceInterval": false,
              "column": {
                "name": "number_of_special_requests",
                "type": "CONTINUOUS"
              },
              "id": "akvwQPh"
            }
          ],
          "id": "NGHEns6"
        },
        {
          "type": "column_card",
          "column": {
            "name": "prediction",
            "type": "CATEGORICAL"
          },
          "cards": [
            {
              "type": "categorical_histogram",
              "maxValues": 10,
              "groupOthers": false,
              "column": {
                "name": "prediction",
                "type": "CATEGORICAL"
              },
              "id": "HuQdMrn"
            },
            {
              "type": "univariate_summary",
              "confidenceLevel": 0.95,
              "showConfidenceInterval": false,
              "compute": {
                "totalCount": true,
                "mean": true,
                "sum": false,
                "median": true,
                "std": true,
                "variance": false,
                "skewness": false,
                "kurtosis": false,
                "sem": false,
                "completeCount": true,
                "nbEmpty": true,
                "zeroCount": false,
                "zeroRatio": false,
                "nonZeroRatio": false,
                "iqr": false,
                "distinctCount": true,
                "nbNonEmpty": false,
                "min": true,
                "max": true,
                "range": false,
                "mode": true
              },
              "column": {
                "name": "prediction",
                "type": "CATEGORICAL"
              },
              "id": "14sL4YX"
            },
            {
              "type": "univariate_frequency_table",
              "maxValues": 10,
              "column": {
                "name": "prediction",
                "type": "CATEGORICAL"
              },
              "id": "V7bOT52"
            }
          ],
          "id": "AhGW834"
        },
        {
          "type": "column_card",
          "column": {
            "name": "day_of_week",
            "type": "CONTINUOUS"
          },
          "cards": [
            {
              "type": "numerical_histogram",
              "showBoxPlot": true,
              "showHistogram": true,
              "binningMode": "AUTO",
              "nbBins": 25,
              "customBinningBoundaries": [],
              "column": {
                "name": "day_of_week",
                "type": "CONTINUOUS"
              },
              "id": "aMzBf3l"
            },
            {
              "type": "cdf_plot",
              "column": {
                "name": "day_of_week",
                "type": "CONTINUOUS"
              },
              "id": "idmVM1z"
            },
            {
              "type": "univariate_summary",
              "confidenceLevel": 0.95,
              "showConfidenceInterval": false,
              "compute": {
                "totalCount": true,
                "mean": true,
                "sum": false,
                "median": true,
                "std": true,
                "variance": false,
                "skewness": false,
                "kurtosis": false,
                "sem": false,
                "completeCount": true,
                "nbEmpty": true,
                "zeroCount": false,
                "zeroRatio": false,
                "nonZeroRatio": false,
                "iqr": false,
                "distinctCount": true,
                "nbNonEmpty": false,
                "min": true,
                "max": true,
                "range": false,
                "mode": true
              },
              "column": {
                "name": "day_of_week",
                "type": "CONTINUOUS"
              },
              "id": "SOPNmaQ"
            },
            {
              "type": "quantile_table",
              "confidenceLevel": 0.95,
              "showConfidenceInterval": false,
              "column": {
                "name": "day_of_week",
                "type": "CONTINUOUS"
              },
              "id": "wMrODua"
            }
          ],
          "id": "VmhwhIy"
        },
        {
          "type": "column_card",
          "column": {
            "name": "proba_Canceled",
            "type": "CONTINUOUS"
          },
          "cards": [
            {
              "type": "numerical_histogram",
              "showBoxPlot": true,
              "showHistogram": true,
              "binningMode": "AUTO",
              "nbBins": 25,
              "customBinningBoundaries": [],
              "column": {
                "name": "proba_Canceled",
                "type": "CONTINUOUS"
              },
              "id": "3jI9JfA"
            },
            {
              "type": "cdf_plot",
              "column": {
                "name": "proba_Canceled",
                "type": "CONTINUOUS"
              },
              "id": "EwunqmP"
            },
            {
              "type": "univariate_summary",
              "confidenceLevel": 0.95,
              "showConfidenceInterval": false,
              "compute": {
                "totalCount": true,
                "mean": true,
                "sum": false,
                "median": true,
                "std": true,
                "variance": false,
                "skewness": false,
                "kurtosis": false,
                "sem": false,
                "completeCount": true,
                "nbEmpty": true,
                "zeroCount": false,
                "zeroRatio": false,
                "nonZeroRatio": false,
                "iqr": false,
                "distinctCount": true,
                "nbNonEmpty": false,
                "min": true,
                "max": true,
                "range": false,
                "mode": true
              },
              "column": {
                "name": "proba_Canceled",
                "type": "CONTINUOUS"
              },
              "id": "HRcKwse"
            },
            {
              "type": "quantile_table",
              "confidenceLevel": 0.95,
              "showConfidenceInterval": false,
              "column": {
                "name": "proba_Canceled",
                "type": "CONTINUOUS"
              },
              "id": "p8MczQj"
            }
          ],
          "id": "zPk4dd4"
        },
        {
          "type": "column_card",
          "column": {
            "name": "month",
            "type": "CONTINUOUS"
          },
          "cards": [
            {
              "type": "numerical_histogram",
              "showBoxPlot": true,
              "showHistogram": true,
              "binningMode": "AUTO",
              "nbBins": 25,
              "customBinningBoundaries": [],
              "column": {
                "name": "month",
                "type": "CONTINUOUS"
              },
              "id": "jHQMvwl"
            },
            {
              "type": "cdf_plot",
              "column": {
                "name": "month",
                "type": "CONTINUOUS"
              },
              "id": "NklmhSP"
            },
            {
              "type": "univariate_summary",
              "confidenceLevel": 0.95,
              "showConfidenceInterval": false,
              "compute": {
                "totalCount": true,
                "mean": true,
                "sum": false,
                "median": true,
                "std": true,
                "variance": false,
                "skewness": false,
                "kurtosis": false,
                "sem": false,
                "completeCount": true,
                "nbEmpty": true,
                "zeroCount": false,
                "zeroRatio": false,
                "nonZeroRatio": false,
                "iqr": false,
                "distinctCount": true,
                "nbNonEmpty": false,
                "min": true,
                "max": true,
                "range": false,
                "mode": true
              },
              "column": {
                "name": "month",
                "type": "CONTINUOUS"
              },
              "id": "Zqfn2DO"
            },
            {
              "type": "quantile_table",
              "confidenceLevel": 0.95,
              "showConfidenceInterval": false,
              "column": {
                "name": "month",
                "type": "CONTINUOUS"
              },
              "id": "TfNZINI"
            }
          ],
          "id": "4dfa83Y"
        },
        {
          "type": "column_card",
          "column": {
            "name": "day",
            "type": "CONTINUOUS"
          },
          "cards": [
            {
              "type": "numerical_histogram",
              "showBoxPlot": true,
              "showHistogram": true,
              "binningMode": "AUTO",
              "nbBins": 25,
              "customBinningBoundaries": [],
              "column": {
                "name": "day",
                "type": "CONTINUOUS"
              },
              "id": "ePvomHP"
            },
            {
              "type": "cdf_plot",
              "column": {
                "name": "day",
                "type": "CONTINUOUS"
              },
              "id": "KPldXSm"
            },
            {
              "type": "univariate_summary",
              "confidenceLevel": 0.95,
              "showConfidenceInterval": false,
              "compute": {
                "totalCount": true,
                "mean": true,
                "sum": false,
                "median": true,
                "std": true,
                "variance": false,
                "skewness": false,
                "kurtosis": false,
                "sem": false,
                "completeCount": true,
                "nbEmpty": true,
                "zeroCount": false,
                "zeroRatio": false,
                "nonZeroRatio": false,
                "iqr": false,
                "distinctCount": true,
                "nbNonEmpty": false,
                "min": true,
                "max": true,
                "range": false,
                "mode": true
              },
              "column": {
                "name": "day",
                "type": "CONTINUOUS"
              },
              "id": "3BYa3Fv"
            },
            {
              "type": "quantile_table",
              "confidenceLevel": 0.95,
              "showConfidenceInterval": false,
              "column": {
                "name": "day",
                "type": "CONTINUOUS"
              },
              "id": "cChlCni"
            }
          ],
          "id": "QIG3rSQ"
        },
        {
          "type": "column_card",
          "column": {
            "name": "lead_time",
            "type": "CONTINUOUS"
          },
          "cards": [
            {
              "type": "numerical_histogram",
              "showBoxPlot": true,
              "showHistogram": true,
              "binningMode": "AUTO",
              "nbBins": 25,
              "customBinningBoundaries": [],
              "column": {
                "name": "lead_time",
                "type": "CONTINUOUS"
              },
              "id": "VooGmHa"
            },
            {
              "type": "cdf_plot",
              "column": {
                "name": "lead_time",
                "type": "CONTINUOUS"
              },
              "id": "0ehhxEa"
            },
            {
              "type": "univariate_summary",
              "confidenceLevel": 0.95,
              "showConfidenceInterval": false,
              "compute": {
                "totalCount": true,
                "mean": true,
                "sum": false,
                "median": true,
                "std": true,
                "variance": false,
                "skewness": false,
                "kurtosis": false,
                "sem": false,
                "completeCount": true,
                "nbEmpty": true,
                "zeroCount": false,
                "zeroRatio": false,
                "nonZeroRatio": false,
                "iqr": false,
                "distinctCount": true,
                "nbNonEmpty": false,
                "min": true,
                "max": true,
                "range": false,
                "mode": true
              },
              "column": {
                "name": "lead_time",
                "type": "CONTINUOUS"
              },
              "id": "8DLLfMm"
            },
            {
              "type": "quantile_table",
              "confidenceLevel": 0.95,
              "showConfidenceInterval": false,
              "column": {
                "name": "lead_time",
                "type": "CONTINUOUS"
              },
              "id": "R3UQS3Z"
            }
          ],
          "id": "pQLiHQd"
        },
        {
          "type": "column_card",
          "column": {
            "name": "year",
            "type": "CONTINUOUS"
          },
          "cards": [
            {
              "type": "numerical_histogram",
              "showBoxPlot": true,
              "showHistogram": true,
              "binningMode": "AUTO",
              "nbBins": 25,
              "customBinningBoundaries": [],
              "column": {
                "name": "year",
                "type": "CONTINUOUS"
              },
              "id": "lbNq60S"
            },
            {
              "type": "cdf_plot",
              "column": {
                "name": "year",
                "type": "CONTINUOUS"
              },
              "id": "duoHuFj"
            },
            {
              "type": "univariate_summary",
              "confidenceLevel": 0.95,
              "showConfidenceInterval": false,
              "compute": {
                "totalCount": true,
                "mean": true,
                "sum": false,
                "median": true,
                "std": true,
                "variance": false,
                "skewness": false,
                "kurtosis": false,
                "sem": false,
                "completeCount": true,
                "nbEmpty": true,
                "zeroCount": false,
                "zeroRatio": false,
                "nonZeroRatio": false,
                "iqr": false,
                "distinctCount": true,
                "nbNonEmpty": false,
                "min": true,
                "max": true,
                "range": false,
                "mode": true
              },
              "column": {
                "name": "year",
                "type": "CONTINUOUS"
              },
              "id": "43dw3uL"
            },
            {
              "type": "quantile_table",
              "confidenceLevel": 0.95,
              "showConfidenceInterval": false,
              "column": {
                "name": "year",
                "type": "CONTINUOUS"
              },
              "id": "atRn7OU"
            }
          ],
          "id": "FgE1Ikw"
        },
        {
          "type": "column_card",
          "column": {
            "name": "avg_price_per_room",
            "type": "CONTINUOUS"
          },
          "cards": [
            {
              "type": "numerical_histogram",
              "showBoxPlot": true,
              "showHistogram": true,
              "binningMode": "AUTO",
              "nbBins": 25,
              "customBinningBoundaries": [],
              "column": {
                "name": "avg_price_per_room",
                "type": "CONTINUOUS"
              },
              "id": "CAmJ4Cf"
            },
            {
              "type": "cdf_plot",
              "column": {
                "name": "avg_price_per_room",
                "type": "CONTINUOUS"
              },
              "id": "FKYSevR"
            },
            {
              "type": "univariate_summary",
              "confidenceLevel": 0.95,
              "showConfidenceInterval": false,
              "compute": {
                "totalCount": true,
                "mean": true,
                "sum": false,
                "median": true,
                "std": true,
                "variance": false,
                "skewness": false,
                "kurtosis": false,
                "sem": false,
                "completeCount": true,
                "nbEmpty": true,
                "zeroCount": false,
                "zeroRatio": false,
                "nonZeroRatio": false,
                "iqr": false,
                "distinctCount": true,
                "nbNonEmpty": false,
                "min": true,
                "max": true,
                "range": false,
                "mode": true
              },
              "column": {
                "name": "avg_price_per_room",
                "type": "CONTINUOUS"
              },
              "id": "BXgPoNo"
            },
            {
              "type": "quantile_table",
              "confidenceLevel": 0.95,
              "showConfidenceInterval": false,
              "column": {
                "name": "avg_price_per_room",
                "type": "CONTINUOUS"
              },
              "id": "V9SF7F7"
            }
          ],
          "id": "pv3Mitf"
        },
        {
          "type": "column_card",
          "column": {
            "name": "first_time",
            "type": "CATEGORICAL"
          },
          "cards": [
            {
              "type": "categorical_histogram",
              "maxValues": 10,
              "groupOthers": false,
              "column": {
                "name": "first_time",
                "type": "CATEGORICAL"
              },
              "id": "GkMRmE0"
            },
            {
              "type": "univariate_summary",
              "confidenceLevel": 0.95,
              "showConfidenceInterval": false,
              "compute": {
                "totalCount": true,
                "mean": true,
                "sum": false,
                "median": true,
                "std": true,
                "variance": false,
                "skewness": false,
                "kurtosis": false,
                "sem": false,
                "completeCount": true,
                "nbEmpty": true,
                "zeroCount": false,
                "zeroRatio": false,
                "nonZeroRatio": false,
                "iqr": false,
                "distinctCount": true,
                "nbNonEmpty": false,
                "min": true,
                "max": true,
                "range": false,
                "mode": true
              },
              "column": {
                "name": "first_time",
                "type": "CATEGORICAL"
              },
              "id": "sfrkj73"
            },
            {
              "type": "univariate_frequency_table",
              "maxValues": 10,
              "column": {
                "name": "first_time",
                "type": "CATEGORICAL"
              },
              "id": "FnoLen3"
            }
          ],
          "id": "E15kYyD"
        },
        {
          "type": "column_card",
          "column": {
            "name": "market_type",
            "type": "CATEGORICAL"
          },
          "cards": [
            {
              "type": "categorical_histogram",
              "maxValues": 10,
              "groupOthers": false,
              "column": {
                "name": "market_type",
                "type": "CATEGORICAL"
              },
              "id": "GJgOPE7"
            },
            {
              "type": "univariate_summary",
              "confidenceLevel": 0.95,
              "showConfidenceInterval": false,
              "compute": {
                "totalCount": true,
                "mean": true,
                "sum": false,
                "median": true,
                "std": true,
                "variance": false,
                "skewness": false,
                "kurtosis": false,
                "sem": false,
                "completeCount": true,
                "nbEmpty": true,
                "zeroCount": false,
                "zeroRatio": false,
                "nonZeroRatio": false,
                "iqr": false,
                "distinctCount": true,
                "nbNonEmpty": false,
                "min": true,
                "max": true,
                "range": false,
                "mode": true
              },
              "column": {
                "name": "market_type",
                "type": "CATEGORICAL"
              },
              "id": "i4LBho3"
            },
            {
              "type": "univariate_frequency_table",
              "maxValues": 10,
              "column": {
                "name": "market_type",
                "type": "CATEGORICAL"
              },
              "id": "brslCDY"
            }
          ],
          "id": "K3Uy5rY"
        },
        {
          "type": "column_card",
          "column": {
            "name": "Booking_ID",
            "type": "CATEGORICAL"
          },
          "cards": [
            {
              "type": "categorical_histogram",
              "maxValues": 10,
              "groupOthers": false,
              "column": {
                "name": "Booking_ID",
                "type": "CATEGORICAL"
              },
              "id": "9aSzxWh"
            },
            {
              "type": "univariate_summary",
              "confidenceLevel": 0.95,
              "showConfidenceInterval": false,
              "compute": {
                "totalCount": true,
                "mean": true,
                "sum": false,
                "median": true,
                "std": true,
                "variance": false,
                "skewness": false,
                "kurtosis": false,
                "sem": false,
                "completeCount": true,
                "nbEmpty": true,
                "zeroCount": false,
                "zeroRatio": false,
                "nonZeroRatio": false,
                "iqr": false,
                "distinctCount": true,
                "nbNonEmpty": false,
                "min": true,
                "max": true,
                "range": false,
                "mode": true
              },
              "column": {
                "name": "Booking_ID",
                "type": "CATEGORICAL"
              },
              "id": "twF4rNS"
            },
            {
              "type": "univariate_frequency_table",
              "maxValues": 10,
              "column": {
                "name": "Booking_ID",
                "type": "CATEGORICAL"
              },
              "id": "9Jf6gM5"
            }
          ],
          "id": "1FpUCY2"
        },
        {
          "type": "column_card",
          "column": {
            "name": "parking_request",
            "type": "CATEGORICAL"
          },
          "cards": [
            {
              "type": "categorical_histogram",
              "maxValues": 10,
              "groupOthers": false,
              "column": {
                "name": "parking_request",
                "type": "CATEGORICAL"
              },
              "id": "cJxhdQ6"
            },
            {
              "type": "univariate_summary",
              "confidenceLevel": 0.95,
              "showConfidenceInterval": false,
              "compute": {
                "totalCount": true,
                "mean": true,
                "sum": false,
                "median": true,
                "std": true,
                "variance": false,
                "skewness": false,
                "kurtosis": false,
                "sem": false,
                "completeCount": true,
                "nbEmpty": true,
                "zeroCount": false,
                "zeroRatio": false,
                "nonZeroRatio": false,
                "iqr": false,
                "distinctCount": true,
                "nbNonEmpty": false,
                "min": true,
                "max": true,
                "range": false,
                "mode": true
              },
              "column": {
                "name": "parking_request",
                "type": "CATEGORICAL"
              },
              "id": "jlZ09v3"
            },
            {
              "type": "univariate_frequency_table",
              "maxValues": 10,
              "column": {
                "name": "parking_request",
                "type": "CATEGORICAL"
              },
              "id": "PaCdGtB"
            }
          ],
          "id": "yEHqDjU"
        },
        {
          "type": "column_card",
          "column": {
            "name": "adults",
            "type": "CONTINUOUS"
          },
          "cards": [
            {
              "type": "numerical_histogram",
              "showBoxPlot": true,
              "showHistogram": true,
              "binningMode": "AUTO",
              "nbBins": 25,
              "customBinningBoundaries": [],
              "column": {
                "name": "adults",
                "type": "CONTINUOUS"
              },
              "id": "1n9197R"
            },
            {
              "type": "cdf_plot",
              "column": {
                "name": "adults",
                "type": "CONTINUOUS"
              },
              "id": "2OHVIwz"
            },
            {
              "type": "univariate_summary",
              "confidenceLevel": 0.95,
              "showConfidenceInterval": false,
              "compute": {
                "totalCount": true,
                "mean": true,
                "sum": false,
                "median": true,
                "std": true,
                "variance": false,
                "skewness": false,
                "kurtosis": false,
                "sem": false,
                "completeCount": true,
                "nbEmpty": true,
                "zeroCount": false,
                "zeroRatio": false,
                "nonZeroRatio": false,
                "iqr": false,
                "distinctCount": true,
                "nbNonEmpty": false,
                "min": true,
                "max": true,
                "range": false,
                "mode": true
              },
              "column": {
                "name": "adults",
                "type": "CONTINUOUS"
              },
              "id": "UH1Hwzh"
            },
            {
              "type": "quantile_table",
              "confidenceLevel": 0.95,
              "showConfidenceInterval": false,
              "column": {
                "name": "adults",
                "type": "CONTINUOUS"
              },
              "id": "dLypC5C"
            }
          ],
          "id": "q25Fiyi"
        },
        {
          "type": "column_card",
          "column": {
            "name": "meal_plan",
            "type": "CATEGORICAL"
          },
          "cards": [
            {
              "type": "categorical_histogram",
              "maxValues": 10,
              "groupOthers": false,
              "column": {
                "name": "meal_plan",
                "type": "CATEGORICAL"
              },
              "id": "77f2tIW"
            },
            {
              "type": "univariate_summary",
              "confidenceLevel": 0.95,
              "showConfidenceInterval": false,
              "compute": {
                "totalCount": true,
                "mean": true,
                "sum": false,
                "median": true,
                "std": true,
                "variance": false,
                "skewness": false,
                "kurtosis": false,
                "sem": false,
                "completeCount": true,
                "nbEmpty": true,
                "zeroCount": false,
                "zeroRatio": false,
                "nonZeroRatio": false,
                "iqr": false,
                "distinctCount": true,
                "nbNonEmpty": false,
                "min": true,
                "max": true,
                "range": false,
                "mode": true
              },
              "column": {
                "name": "meal_plan",
                "type": "CATEGORICAL"
              },
              "id": "DJAoBXz"
            },
            {
              "type": "univariate_frequency_table",
              "maxValues": 10,
              "column": {
                "name": "meal_plan",
                "type": "CATEGORICAL"
              },
              "id": "TYcsN2M"
            }
          ],
          "id": "QyfGwan"
        },
        {
          "type": "column_card",
          "column": {
            "name": "children",
            "type": "CONTINUOUS"
          },
          "cards": [
            {
              "type": "numerical_histogram",
              "showBoxPlot": true,
              "showHistogram": true,
              "binningMode": "AUTO",
              "nbBins": 25,
              "customBinningBoundaries": [],
              "column": {
                "name": "children",
                "type": "CONTINUOUS"
              },
              "id": "x7MlfvU"
            },
            {
              "type": "cdf_plot",
              "column": {
                "name": "children",
                "type": "CONTINUOUS"
              },
              "id": "3uou2eh"
            },
            {
              "type": "univariate_summary",
              "confidenceLevel": 0.95,
              "showConfidenceInterval": false,
              "compute": {
                "totalCount": true,
                "mean": true,
                "sum": false,
                "median": true,
                "std": true,
                "variance": false,
                "skewness": false,
                "kurtosis": false,
                "sem": false,
                "completeCount": true,
                "nbEmpty": true,
                "zeroCount": false,
                "zeroRatio": false,
                "nonZeroRatio": false,
                "iqr": false,
                "distinctCount": true,
                "nbNonEmpty": false,
                "min": true,
                "max": true,
                "range": false,
                "mode": true
              },
              "column": {
                "name": "children",
                "type": "CONTINUOUS"
              },
              "id": "rDvbR91"
            },
            {
              "type": "quantile_table",
              "confidenceLevel": 0.95,
              "showConfidenceInterval": false,
              "column": {
                "name": "children",
                "type": "CONTINUOUS"
              },
              "id": "aIThQ7X"
            }
          ],
          "id": "GCiXbNW"
        },
        {
          "type": "column_card",
          "column": {
            "name": "week_nights",
            "type": "CONTINUOUS"
          },
          "cards": [
            {
              "type": "numerical_histogram",
              "showBoxPlot": true,
              "showHistogram": true,
              "binningMode": "AUTO",
              "nbBins": 25,
              "customBinningBoundaries": [],
              "column": {
                "name": "week_nights",
                "type": "CONTINUOUS"
              },
              "id": "LS87qPt"
            },
            {
              "type": "cdf_plot",
              "column": {
                "name": "week_nights",
                "type": "CONTINUOUS"
              },
              "id": "cKcH7jJ"
            },
            {
              "type": "univariate_summary",
              "confidenceLevel": 0.95,
              "showConfidenceInterval": false,
              "compute": {
                "totalCount": true,
                "mean": true,
                "sum": false,
                "median": true,
                "std": true,
                "variance": false,
                "skewness": false,
                "kurtosis": false,
                "sem": false,
                "completeCount": true,
                "nbEmpty": true,
                "zeroCount": false,
                "zeroRatio": false,
                "nonZeroRatio": false,
                "iqr": false,
                "distinctCount": true,
                "nbNonEmpty": false,
                "min": true,
                "max": true,
                "range": false,
                "mode": true
              },
              "column": {
                "name": "week_nights",
                "type": "CONTINUOUS"
              },
              "id": "XwT3V0X"
            },
            {
              "type": "quantile_table",
              "confidenceLevel": 0.95,
              "showConfidenceInterval": false,
              "column": {
                "name": "week_nights",
                "type": "CONTINUOUS"
              },
              "id": "fbuRaND"
            }
          ],
          "id": "LSjm6rI"
        },
        {
          "type": "column_card",
          "column": {
            "name": "weekend_nights",
            "type": "CONTINUOUS"
          },
          "cards": [
            {
              "type": "numerical_histogram",
              "showBoxPlot": true,
              "showHistogram": true,
              "binningMode": "AUTO",
              "nbBins": 25,
              "customBinningBoundaries": [],
              "column": {
                "name": "weekend_nights",
                "type": "CONTINUOUS"
              },
              "id": "u7qI3MN"
            },
            {
              "type": "cdf_plot",
              "column": {
                "name": "weekend_nights",
                "type": "CONTINUOUS"
              },
              "id": "S2ihKsp"
            },
            {
              "type": "univariate_summary",
              "confidenceLevel": 0.95,
              "showConfidenceInterval": false,
              "compute": {
                "totalCount": true,
                "mean": true,
                "sum": false,
                "median": true,
                "std": true,
                "variance": false,
                "skewness": false,
                "kurtosis": false,
                "sem": false,
                "completeCount": true,
                "nbEmpty": true,
                "zeroCount": false,
                "zeroRatio": false,
                "nonZeroRatio": false,
                "iqr": false,
                "distinctCount": true,
                "nbNonEmpty": false,
                "min": true,
                "max": true,
                "range": false,
                "mode": true
              },
              "column": {
                "name": "weekend_nights",
                "type": "CONTINUOUS"
              },
              "id": "u8MnLt2"
            },
            {
              "type": "quantile_table",
              "confidenceLevel": 0.95,
              "showConfidenceInterval": false,
              "column": {
                "name": "weekend_nights",
                "type": "CONTINUOUS"
              },
              "id": "rmpDg63"
            }
          ],
          "id": "3iSfBrM"
        },
        {
          "type": "column_card",
          "column": {
            "name": "room_type_reserved",
            "type": "CATEGORICAL"
          },
          "cards": [
            {
              "type": "categorical_histogram",
              "maxValues": 10,
              "groupOthers": false,
              "column": {
                "name": "room_type_reserved",
                "type": "CATEGORICAL"
              },
              "id": "utZddVR"
            },
            {
              "type": "univariate_summary",
              "confidenceLevel": 0.95,
              "showConfidenceInterval": false,
              "compute": {
                "totalCount": true,
                "mean": true,
                "sum": false,
                "median": true,
                "std": true,
                "variance": false,
                "skewness": false,
                "kurtosis": false,
                "sem": false,
                "completeCount": true,
                "nbEmpty": true,
                "zeroCount": false,
                "zeroRatio": false,
                "nonZeroRatio": false,
                "iqr": false,
                "distinctCount": true,
                "nbNonEmpty": false,
                "min": true,
                "max": true,
                "range": false,
                "mode": true
              },
              "column": {
                "name": "room_type_reserved",
                "type": "CATEGORICAL"
              },
              "id": "TKbVGDp"
            },
            {
              "type": "univariate_frequency_table",
              "maxValues": 10,
              "column": {
                "name": "room_type_reserved",
                "type": "CATEGORICAL"
              },
              "id": "T1ftS4M"
            }
          ],
          "id": "FBLpTTl"
        },
        {
          "type": "column_card",
          "column": {
            "name": "previous_cancellations",
            "type": "CONTINUOUS"
          },
          "cards": [
            {
              "type": "numerical_histogram",
              "showBoxPlot": true,
              "showHistogram": true,
              "binningMode": "AUTO",
              "nbBins": 25,
              "customBinningBoundaries": [],
              "column": {
                "name": "previous_cancellations",
                "type": "CONTINUOUS"
              },
              "id": "mVdampt"
            },
            {
              "type": "cdf_plot",
              "column": {
                "name": "previous_cancellations",
                "type": "CONTINUOUS"
              },
              "id": "wkJoyFq"
            },
            {
              "type": "univariate_summary",
              "confidenceLevel": 0.95,
              "showConfidenceInterval": false,
              "compute": {
                "totalCount": true,
                "mean": true,
                "sum": false,
                "median": true,
                "std": true,
                "variance": false,
                "skewness": false,
                "kurtosis": false,
                "sem": false,
                "completeCount": true,
                "nbEmpty": true,
                "zeroCount": false,
                "zeroRatio": false,
                "nonZeroRatio": false,
                "iqr": false,
                "distinctCount": true,
                "nbNonEmpty": false,
                "min": true,
                "max": true,
                "range": false,
                "mode": true
              },
              "column": {
                "name": "previous_cancellations",
                "type": "CONTINUOUS"
              },
              "id": "znmhKqW"
            },
            {
              "type": "quantile_table",
              "confidenceLevel": 0.95,
              "showConfidenceInterval": false,
              "column": {
                "name": "previous_cancellations",
                "type": "CONTINUOUS"
              },
              "id": "l3DLKiQ"
            }
          ],
          "id": "IeMkSgd"
        },
        {
          "type": "column_card",
          "column": {
            "name": "proba_Not_Canceled",
            "type": "CONTINUOUS"
          },
          "cards": [
            {
              "type": "numerical_histogram",
              "showBoxPlot": true,
              "showHistogram": true,
              "binningMode": "AUTO",
              "nbBins": 25,
              "customBinningBoundaries": [],
              "column": {
                "name": "proba_Not_Canceled",
                "type": "CONTINUOUS"
              },
              "id": "0OlWTue"
            },
            {
              "type": "cdf_plot",
              "column": {
                "name": "proba_Not_Canceled",
                "type": "CONTINUOUS"
              },
              "id": "flQnRXx"
            },
            {
              "type": "univariate_summary",
              "confidenceLevel": 0.95,
              "showConfidenceInterval": false,
              "compute": {
                "totalCount": true,
                "mean": true,
                "sum": false,
                "median": true,
                "std": true,
                "variance": false,
                "skewness": false,
                "kurtosis": false,
                "sem": false,
                "completeCount": true,
                "nbEmpty": true,
                "zeroCount": false,
                "zeroRatio": false,
                "nonZeroRatio": false,
                "iqr": false,
                "distinctCount": true,
                "nbNonEmpty": false,
                "min": true,
                "max": true,
                "range": false,
                "mode": true
              },
              "column": {
                "name": "proba_Not_Canceled",
                "type": "CONTINUOUS"
              },
              "id": "En3fOgR"
            },
            {
              "type": "quantile_table",
              "confidenceLevel": 0.95,
              "showConfidenceInterval": false,
              "column": {
                "name": "proba_Not_Canceled",
                "type": "CONTINUOUS"
              },
              "id": "rC0bO3i"
            }
          ],
          "id": "WsERyt9"
        }
      ],
      "id": "R04GQGu"
    },
    "dataSpec": {
      "inputDatasetSmartName": "booking_test_prepared_scored",
      "datasetSelection": {
        "useMemTable": false,
        "filter": {
          "distinct": false,
          "enabled": false
        },
        "partitionSelectionMethod": "ALL",
        "latestPartitionsN": 1,
        "ordering": {
          "enabled": false,
          "rules": []
        },
        "samplingMethod": "HEAD_SEQUENTIAL",
        "maxRecords": 100000,
        "targetRatio": 0.02,
        "ascending": false,
        "withinFirstN": -1,
        "maxReadUncompressedBytes": -1,
        "seed": 1337
      },
      "autoRefreshSample": true,
      "refreshTrigger": 0,
      "containerSelection": {
        "containerMode": "INHERIT"
      }
    },
    "isSampleWholeDataset": true
  },
  "owner": "admin",
  "listed": true,
  "name": "Univariate analysis on 21 variables",
  "dashboardCreationId": "azFiBHT",
  "creationTag": {
    "versionNumber": 0,
    "lastModifiedBy": {
      "login": "admin"
    },
    "lastModifiedOn": 1741901758098
  },
  "tags": [],
  "customFields": {},
  "checklists": {
    "checklists": []
  }
}