{
    "metrics": {},
    "processed_feature_names": [
        "previous_cancellations",
        "week_nights",
        "number_of_special_requests",
        "year",
        "adults",
        "avg_price_per_room",
        "month",
        "children",
        "lead_time",
        "weekend_nights",
        "day",
        "day_of_week",
        "dummy:parking_request:No",
        "dummy:parking_request:Yes",
        "dummy:parking_request:N/A",
        "dummy:parking_request:__Others__",
        "dummy:meal_plan:Meal Plan 1",
        "dummy:meal_plan:Not Selected",
        "dummy:meal_plan:Meal Plan 2",
        "dummy:meal_plan:Meal Plan 3",
        "dummy:meal_plan:N/A",
        "dummy:meal_plan:__Others__",
        "dummy:first_time:Yes",
        "dummy:first_time:No",
        "dummy:first_time:N/A",
        "dummy:first_time:__Others__",
        "dummy:room_type_reserved:Room_Type 1",
        "dummy:room_type_reserved:Room_Type 4",
        "dummy:room_type_reserved:Room_Type 6",
        "dummy:room_type_reserved:Room_Type 2",
        "dummy:room_type_reserved:Room_Type 5",
        "dummy:room_type_reserved:Room_Type 7",
        "dummy:room_type_reserved:Room_Type 3",
        "dummy:room_type_reserved:N/A",
        "dummy:room_type_reserved:__Others__",
        "dummy:market_type:Online",
        "dummy:market_type:Offline",
        "dummy:market_type:Corporate",
        "dummy:market_type:Complementary",
        "dummy:market_type:Aviation",
        "dummy:market_type:N/A",
        "dummy:market_type:__Others__"
    ],
    "optimalThreshold": 0.4,
    "usedThreshold": 0.4,
    "perCutData": {
        "cut": [
            0.0,
            0.025,
            0.05,
            0.075,
            0.1,
            0.125,
            0.15,
            0.175,
            0.2,
            0.225,
            0.25,
            0.275,
            0.3,
            0.325,
            0.35,
            0.375,
            0.4,
            0.425,
            0.45,
            0.475,
            0.5,
            0.525,
            0.55,
            0.575,
            0.6,
            0.625,
            0.65,
            0.675,
            0.7,
            0.725,
            0.75,
            0.775,
            0.8,
            0.825,
            0.85,
            0.875,
            0.9,
            0.925,
            0.95,
            0.975
        ],
        "tp": [
            1534,
            1534,
            1534,
            1534,
            1534,
            1534,
            1534,
            1534,
            1385,
            1385,
            1385,
            1385,
            1385,
            1385,
            1385,
            1385,
            1200,
            1200,
            1200,
            1200,
            1200,
            1200,
            1200,
            1200,
            992,
            992,
            992,
            992,
            992,
            992,
            992,
            992,
            740,
            740,
            740,
            740,
            740,
            740,
            740,
            740
        ],
        "tn": [
            2099,
            2099,
            2099,
            2099,
            2099,
            2099,
            2099,
            2099,
            2724,
            2724,
            2724,
            2724,
            2724,
            2724,
            2724,
            2724,
            3069,
            3069,
            3069,
            3069,
            3069,
            3069,
            3069,
            3069,
            3272,
            3272,
            3272,
            3272,
            3272,
            3272,
            3272,
            3272,
            3391,
            3391,
            3391,
            3391,
            3391,
            3391,
            3391,
            3391
        ],
        "fp": [
            1328,
            1328,
            1328,
            1328,
            1328,
            1328,
            1328,
            1328,
            703,
            703,
            703,
            703,
            703,
            703,
            703,
            703,
            358,
            358,
            358,
            358,
            358,
            358,
            358,
            358,
            155,
            155,
            155,
            155,
            155,
            155,
            155,
            155,
            36,
            36,
            36,
            36,
            36,
            36,
            36,
            36
        ],
        "fn": [
            114,
            114,
            114,
            114,
            114,
            114,
            114,
            114,
            263,
            263,
            263,
            263,
            263,
            263,
            263,
            263,
            448,
            448,
            448,
            448,
            448,
            448,
            448,
            448,
            656,
            656,
            656,
            656,
            656,
            656,
            656,
            656,
            908,
            908,
            908,
            908,
            908,
            908,
            908,
            908
        ],
        "precision": [
            0.5359888190076869,
            0.5359888190076869,
            0.5359888190076869,
            0.5359888190076869,
            0.5359888190076869,
            0.5359888190076869,
            0.5359888190076869,
            0.5359888190076869,
            0.6633141762452107,
            0.6633141762452107,
            0.6633141762452107,
            0.6633141762452107,
            0.6633141762452107,
            0.6633141762452107,
            0.6633141762452107,
            0.6633141762452107,
            0.7702182284980744,
            0.7702182284980744,
            0.7702182284980744,
            0.7702182284980744,
            0.7702182284980744,
            0.7702182284980744,
            0.7702182284980744,
            0.7702182284980744,
            0.8648648648648649,
            0.8648648648648649,
            0.8648648648648649,
            0.8648648648648649,
            0.8648648648648649,
            0.8648648648648649,
            0.8648648648648649,
            0.8648648648648649,
            0.9536082474226805,
            0.9536082474226805,
            0.9536082474226805,
            0.9536082474226805,
            0.9536082474226805,
            0.9536082474226805,
            0.9536082474226805,
            0.9536082474226805
        ],
        "recall": [
            0.9308252427184466,
            0.9308252427184466,
            0.9308252427184466,
            0.9308252427184466,
            0.9308252427184466,
            0.9308252427184466,
            0.9308252427184466,
            0.9308252427184466,
            0.8404126213592233,
            0.8404126213592233,
            0.8404126213592233,
            0.8404126213592233,
            0.8404126213592233,
            0.8404126213592233,
            0.8404126213592233,
            0.8404126213592233,
            0.7281553398058253,
            0.7281553398058253,
            0.7281553398058253,
            0.7281553398058253,
            0.7281553398058253,
            0.7281553398058253,
            0.7281553398058253,
            0.7281553398058253,
            0.6019417475728155,
            0.6019417475728155,
            0.6019417475728155,
            0.6019417475728155,
            0.6019417475728155,
            0.6019417475728155,
            0.6019417475728155,
            0.6019417475728155,
            0.44902912621359226,
            0.44902912621359226,
            0.44902912621359226,
            0.44902912621359226,
            0.44902912621359226,
            0.44902912621359226,
            0.44902912621359226,
            0.44902912621359226
        ],
        "accuracy": [
            0.7158620689655173,
            0.7158620689655173,
            0.7158620689655173,
            0.7158620689655173,
            0.7158620689655173,
            0.7158620689655173,
            0.7158620689655173,
            0.7158620689655173,
            0.8096551724137931,
            0.8096551724137931,
            0.8096551724137931,
            0.8096551724137931,
            0.8096551724137931,
            0.8096551724137931,
            0.8096551724137931,
            0.8096551724137931,
            0.8411822660098522,
            0.8411822660098522,
            0.8411822660098522,
            0.8411822660098522,
            0.8411822660098522,
            0.8411822660098522,
            0.8411822660098522,
            0.8411822660098522,
            0.8401970443349753,
            0.8401970443349753,
            0.8401970443349753,
            0.8401970443349753,
            0.8401970443349753,
            0.8401970443349753,
            0.8401970443349753,
            0.8401970443349753,
            0.8139901477832512,
            0.8139901477832512,
            0.8139901477832512,
            0.8139901477832512,
            0.8139901477832512,
            0.8139901477832512,
            0.8139901477832512,
            0.8139901477832512
        ],
        "f1": [
            0.6802660753880266,
            0.6802660753880266,
            0.6802660753880266,
            0.6802660753880266,
            0.6802660753880266,
            0.6802660753880266,
            0.6802660753880266,
            0.6802660753880266,
            0.7414346895074947,
            0.7414346895074947,
            0.7414346895074947,
            0.7414346895074947,
            0.7414346895074947,
            0.7414346895074947,
            0.7414346895074947,
            0.7414346895074947,
            0.7485963817841547,
            0.7485963817841547,
            0.7485963817841547,
            0.7485963817841547,
            0.7485963817841547,
            0.7485963817841547,
            0.7485963817841547,
            0.7485963817841547,
            0.7098389982110912,
            0.7098389982110912,
            0.7098389982110912,
            0.7098389982110912,
            0.7098389982110912,
            0.7098389982110912,
            0.7098389982110912,
            0.7098389982110912,
            0.6105610561056106,
            0.6105610561056106,
            0.6105610561056106,
            0.6105610561056106,
            0.6105610561056106,
            0.6105610561056106,
            0.6105610561056106,
            0.6105610561056106
        ],
        "mcc": [
            0.513051864426165,
            0.513051864426165,
            0.513051864426165,
            0.513051864426165,
            0.513051864426165,
            0.513051864426165,
            0.513051864426165,
            0.513051864426165,
            0.6045272533671586,
            0.6045272533671586,
            0.6045272533671586,
            0.6045272533671586,
            0.6045272533671586,
            0.6045272533671586,
            0.6045272533671586,
            0.6045272533671586,
            0.6331915032233181,
            0.6331915032233181,
            0.6331915032233181,
            0.6331915032233181,
            0.6331915032233181,
            0.6331915032233181,
            0.6331915032233181,
            0.6331915032233181,
            0.6233031530972745,
            0.6233031530972745,
            0.6233031530972745,
            0.6233031530972745,
            0.6233031530972745,
            0.6233031530972745,
            0.6233031530972745,
            0.6233031530972745,
            0.5705776396290656,
            0.5705776396290656,
            0.5705776396290656,
            0.5705776396290656,
            0.5705776396290656,
            0.5705776396290656,
            0.5705776396290656,
            0.5705776396290656
        ],
        "hammingLoss": [
            0.2841379310344827,
            0.2841379310344827,
            0.2841379310344827,
            0.2841379310344827,
            0.2841379310344827,
            0.2841379310344827,
            0.2841379310344827,
            0.2841379310344827,
            0.19034482758620686,
            0.19034482758620686,
            0.19034482758620686,
            0.19034482758620686,
            0.19034482758620686,
            0.19034482758620686,
            0.19034482758620686,
            0.19034482758620686,
            0.15881773399014776,
            0.15881773399014776,
            0.15881773399014776,
            0.15881773399014776,
            0.15881773399014776,
            0.15881773399014776,
            0.15881773399014776,
            0.15881773399014776,
            0.15980295566502467,
            0.15980295566502467,
            0.15980295566502467,
            0.15980295566502467,
            0.15980295566502467,
            0.15980295566502467,
            0.15980295566502467,
            0.15980295566502467,
            0.18600985221674882,
            0.18600985221674882,
            0.18600985221674882,
            0.18600985221674882,
            0.18600985221674882,
            0.18600985221674882,
            0.18600985221674882,
            0.18600985221674882
        ],
        "assertionsMetrics": [],
        "overridesMetrics": []
    },
    "tiMetrics": {
        "auc": 0.8917744510327752,
        "logLoss": 1.270118243976605,
        "lift": 2.0691747572815533,
        "averagePrecision": 0.8030436956943756,
        "calibrationLoss": 0.05245320197044333
    },
    "probaPercentiles": [
        0.0,
        0.0,
        0.0,
        0.0,
        0.0,
        0.0,
        0.0,
        0.0,
        0.0,
        0.0,
        0.0,
        0.0,
        0.0,
        0.0,
        0.0,
        0.0,
        0.0,
        0.0,
        0.0,
        0.0,
        0.0,
        0.0,
        0.0,
        0.0,
        0.0,
        0.0,
        0.0,
        0.0,
        0.0,
        0.0,
        0.0,
        0.0,
        0.0,
        0.0,
        0.0,
        0.0,
        0.0,
        0.0,
        0.0,
        0.0,
        0.0,
        0.0,
        0.0,
        0.2,
        0.2,
        0.2,
        0.2,
        0.2,
        0.2,
        0.2,
        0.2,
        0.2,
        0.2,
        0.2,
        0.2,
        0.2,
        0.2,
        0.2,
        0.4,
        0.4,
        0.4,
        0.4,
        0.4,
        0.4,
        0.4,
        0.4,
        0.4,
        0.4,
        0.4,
        0.6,
        0.6,
        0.6,
        0.6,
        0.6,
        0.6,
        0.6,
        0.6,
        0.8,
        0.8,
        0.8,
        0.8,
        0.8,
        0.8,
        0.8,
        1.0,
        1.0,
        1.0,
        1.0,
        1.0,
        1.0,
        1.0,
        1.0,
        1.0,
        1.0,
        1.0,
        1.0,
        1.0,
        1.0,
        1.0
    ],
    "rocVizData": [
        [
            {
                "x": 0.0,
                "y": 0.0,
                "p": 2.0
            },
            {
                "x": 0.01050481470674059,
                "y": 0.44902912621359226,
                "p": 1.0
            },
            {
                "x": 0.04522906332068865,
                "y": 0.6019417475728155,
                "p": 0.8
            },
            {
                "x": 0.10446454625036475,
                "y": 0.7281553398058253,
                "p": 0.6
            },
            {
                "x": 0.20513568718996206,
                "y": 0.8404126213592233,
                "p": 0.4
            },
            {
                "x": 0.38751094251531953,
                "y": 0.9308252427184466,
                "p": 0.2
            },
            {
                "x": 1.0,
                "y": 1.0,
                "p": 0.0
            }
        ]
    ],
    "liftVizData": {
        "bins": [
            {
                "bin_pos_prop": 0.6633141762,
                "bin_lift": 2.0426695658,
                "cum_lift": 0.8404126214,
                "cum_size": 0.4114285714,
                "bin_min": 0.2,
                "bin_max": 1.0,
                "percentile_idx": 0
            },
            {
                "bin_pos_prop": 0.0880482089,
                "bin_lift": 0.2711436045,
                "cum_lift": 1.0,
                "cum_size": 1.0,
                "bin_min": 0.0,
                "bin_max": 0.2,
                "percentile_idx": 1
            }
        ],
        "wizard": {
            "positives": 1648,
            "total": 5075
        }
    },
    "prVizData": [
        {
            "bins": [
                {
                    "x": 1.0,
                    "y": 0.3247290640394089,
                    "p": 0.0
                },
                {
                    "x": 0.9308252427184466,
                    "y": 0.5359888190076869,
                    "p": 0.2
                },
                {
                    "x": 0.8404126213592233,
                    "y": 0.6633141762452107,
                    "p": 0.4
                },
                {
                    "x": 0.7281553398058253,
                    "y": 0.7702182284980744,
                    "p": 0.6
                },
                {
                    "x": 0.6019417475728155,
                    "y": 0.8648648648648649,
                    "p": 0.8
                },
                {
                    "x": 0.44902912621359226,
                    "y": 0.9536082474226805,
                    "p": 1.0
                }
            ],
            "positiveRate": 0.3247290640394089
        }
    ],
    "densityData": {
        "Not_Canceled": {
            "actualIsThisClass": [
                0.0860912278510907,
                0.084359521457954,
                0.07928622815405699,
                0.071597268819742,
                0.06236604777065772,
                0.05287056072260373,
                0.04445440337936116,
                0.03842338885561174,
                0.03598647890418434,
                0.038223681536197006,
                0.04604558220706056,
                0.060107961490949734,
                0.08066353077421086,
                0.10736678581491471,
                0.13908583842289937,
                0.17380109820865686,
                0.20867019770895612,
                0.2403046508498886,
                0.26524236189106476,
                0.2805306169344254,
                0.28428337319780145,
                0.2760676793064956,
                0.2570151847303226,
                0.22963375543906295,
                0.19738241189589914,
                0.16413672462280623,
                0.13368785815265324,
                0.10938278339937553,
                0.0939425129723501,
                0.08941909429006875,
                0.09720072692081931,
                0.11796747777395619,
                0.15154042464970147,
                0.19663980180236124,
                0.2506448570772715,
                0.3094971426495646,
                0.3678840444513743,
                0.4197725490643367,
                0.45925109323445834,
                0.4815184804966996,
                0.4837808927709056,
                0.4658175595066794,
                0.4300602700715978,
                0.3811739539547264,
                0.32527207424234417,
                0.26899579199608104,
                0.21869518354687276,
                0.1798750032241356,
                0.1569408922620739,
                0.15315686332960302,
                0.17065059076259953,
                0.21030791789936085,
                0.27148055582548997,
                0.351560540624661,
                0.4456010897405008,
                0.546231405235488,
                0.6440835070192017,
                0.7288166443538677,
                0.7906258058397071,
                0.8219263988555212,
                0.818797353041817,
                0.7817940575367232,
                0.7159115372248023,
                0.6297291563622811,
                0.5340063563582517,
                0.4401336965187316,
                0.35882677944972013,
                0.29929646477543825,
                0.2689047098225922,
                0.27311318213676467,
                0.3154313974909344,
                0.3971123954170249,
                0.5165138262177921,
                0.6682785858226206,
                0.8426986164760231,
                1.0257135972873908,
                1.1999024766567887,
                1.3465545577954914,
                1.4485386499486745,
                1.4933597411007997,
                1.4756431026483614,
                1.3983971184304076,
                1.2727562869164721,
                1.1163688677191292,
                0.9509888305450463,
                0.8000005043527827,
                0.686478736378232,
                0.6320196365839685,
                0.6561190913536086,
                0.7755224590136806,
                1.0028850666250526,
                1.3443453306118969,
                1.7961696176801993,
                2.341300070201032,
                2.9471548276579362,
                3.566123724612349,
                4.1397142987244395,
                4.606289651572864,
                4.911101151971084,
                5.016314701844666
            ],
            "actualIsNotThisClass": [
                2.2777238003676374,
                2.271962129694408,
                2.2345924360224543,
                2.168674937432209,
                2.0786877596584783,
                1.9701784590080544,
                1.8493334705706643,
                1.7225077452984305,
                1.5957599226560073,
                1.4744362231429744,
                1.3628393865652397,
                1.264008546722008,
                1.1796233930380915,
                1.110032907102578,
                1.054396849005933,
                1.0109181987156326,
                0.9771377491367473,
                0.950258410768811,
                0.9274665504461667,
                0.906220551218363,
                0.8844822005993775,
                0.8608737746105679,
                0.8347519776914099,
                0.80619839626874,
                0.7759340459609052,
                0.7451722650022921,
                0.7154291117836511,
                0.6883132362613249,
                0.6653177952889234,
                0.6476354563321686,
                0.6360141483702626,
                0.6306663808967349,
                0.6312391656224431,
                0.6368453932572398,
                0.6461514968711758,
                0.6575108970914455,
                0.6691285279385893,
                0.6792390415124537,
                0.6862803136555429,
                0.6890446984676857,
                0.686793017807382,
                0.6793202655331427,
                0.6669670477640084,
                0.6505763501072451,
                0.6314007441203422,
                0.6109700509307888,
                0.5909332777138616,
                0.5728909706654557,
                0.55823479043546,
                0.54801009570321,
                0.5428147694955209,
                0.5427437340781862,
                0.547383970110023,
                0.5558598418826692,
                0.5669236109124347,
                0.5790816553290458,
                0.5907435101644106,
                0.6003787260830785,
                0.6066659182047919,
                0.6086193093229497,
                0.6056804751552362,
                0.5977666309876581,
                0.5852712816675312,
                0.569017916204989,
                0.5501721477331358,
                0.5301217825580214,
                0.5103373316481384,
                0.4922271650304582,
                0.47700172115164746,
                0.4655599483459989,
                0.45840865033297123,
                0.4556219252795262,
                0.4568437998520049,
                0.4613328752614759,
                0.46804373141278155,
                0.4757363553787459,
                0.48310228856086146,
                0.48889475548905753,
                0.4920498738719067,
                0.491787158371646,
                0.48767980224165397,
                0.47968841455037714,
                0.4681556704435846,
                0.45376329792298614,
                0.437456558604001,
                0.4203444948210058,
                0.40358640154426584,
                0.38827604108622604,
                0.37533498379933994,
                0.3654251912031618,
                0.3588887353455161,
                0.35571963205991664,
                0.35556947154480206,
                0.3577851922147544,
                0.36147428669180776,
                0.3655902381583601,
                0.369029287366244,
                0.37072887352212175,
                0.36975833175315614,
                0.3653936206788809
            ],
            "actualIsThisClassMedian": 1.0,
            "actualIsNotThisClassMedian": 0.2
        },
        "Canceled": {
            "actualIsThisClass": [
                0.365332195942481,
                0.3696788707681723,
                0.37062799667671975,
                0.36890364962504724,
                0.36543678326202966,
                0.3612905543351644,
                0.35756966041324734,
                0.35532190643801825,
                0.3554414084924602,
                0.3585830854266757,
                0.3650973363769971,
                0.37499211011485906,
                0.38792708802819825,
                0.4032416517099236,
                0.42001497356602346,
                0.4371532771597476,
                0.45349639725597596,
                0.4679335427968051,
                0.47951689189524077,
                0.48756150327540687,
                0.49172107695990214,
                0.4920312722218608,
                0.4889153966540752,
                0.4831510082437773,
                0.47579993641502055,
                0.46810801008270525,
                0.461383980742728,
                0.45686940995418995,
                0.45561241525708995,
                0.4583580179104426,
                0.4654664166508544,
                0.4768679503642406,
                0.4920600405323915,
                0.5101473378015691,
                0.5299220129947663,
                0.5499770410043763,
                0.5688418358475008,
                0.5851270787663441,
                0.5976643327264278,
                0.6056262335508373,
                0.6086147208180039,
                0.6067077891405483,
                0.6004593148436509,
                0.5908512285815792,
                0.5792021648854176,
                0.5670412083876248,
                0.5559589986548361,
                0.5474508724790819,
                0.5427676703769344,
                0.5427892235005475,
                0.5479334335678465,
                0.5581104673833046,
                0.5727272303445479,
                0.5907423670689487,
                0.6107670220015791,
                0.6312019566216979,
                0.6503978206972629,
                0.6668228100778405,
                0.6792209070965329,
                0.6867445451466502,
                0.6890478511625845,
                0.6863304045488595,
                0.6793263481144646,
                0.6692392046085942,
                0.6576283246289746,
                0.6462579412361099,
                0.6369238129061592,
                0.6312749906699073,
                0.6306490885917757,
                0.6359384780711986,
                0.6475021414466452,
                0.6651337362392716,
                0.6880910929899603,
                0.7151863513701406,
                0.7449297539662884,
                0.7757143222019067,
                0.8060237874056732,
                0.8346427470907604,
                0.8608464716750225,
                0.8845483681505522,
                0.9063859026053719,
                0.9277306770673633,
                0.9506150233493713,
                0.9775754004716004,
                1.0114213885090613,
                1.054947378458203,
                1.1106113354170122,
                1.180210450853272,
                1.2645863808018172,
                1.3633925419126067,
                1.474952307652884,
                1.5962299396661672,
                1.7229261156227178,
                1.8496977937741599,
                1.9704890814890363,
                2.0789472240496254,
                2.168887385026203,
                2.234763023620751,
                2.2720965073133614,
                2.2778276794954966
            ],
            "actualIsNotThisClass": [
                5.016311949506118,
                4.911095159855683,
                4.606277190508293,
                4.139689553897605,
                3.566076821745889,
                2.947070007643266,
                2.3411538062799306,
                1.795929282823993,
                1.3439693507046606,
                1.0023256834562233,
                0.7747320681583149,
                0.6550604328311946,
                0.6306788721493678,
                0.6848788879094804,
                0.7982113912194321,
                0.9491292289450713,
                1.114597683444944,
                1.2712521591604782,
                1.3973294323985521,
                1.4751406647233607,
                1.4934849998936333,
                1.4492744493196759,
                1.3478070710166041,
                1.2015193096855508,
                1.027511766941446,
                0.8444947576804788,
                0.6699140539191387,
                0.517869984481569,
                0.39811511674394723,
                0.3160471944318701,
                0.2733412790548581,
                0.26876936013735825,
                0.2988422123083102,
                0.35811699281514914,
                0.4392505559895644,
                0.5330493553851082,
                0.6288094890424514,
                0.7151413415247483,
                0.7812717459879999,
                0.8185922818842254,
                0.8220670537499735,
                0.7910950756112632,
                0.7295557881011294,
                0.6450038319789695,
                0.5472304529256621,
                0.44657908992574374,
                0.3524333367459793,
                0.27218682984099873,
                0.21081062557768898,
                0.1709342576491293,
                0.15322322365738467,
                0.1568051256219308,
                0.179563782411711,
                0.2182463887426215,
                0.2684586226096301,
                0.32470582466865083,
                0.380644082623445,
                0.4296314441822423,
                0.465544694232351,
                0.4837002862618415,
                0.4816415115775681,
                0.45956240554174926,
                0.420233369840352,
                0.36843975934828593,
                0.31008705056788555,
                0.25121159102585344,
                0.19713632707276754,
                0.1519335742609625,
                0.11823820613990826,
                0.0973421989996031,
                0.08943409174669777,
                0.09384139218658208,
                0.10918254507277868,
                0.13341209283259084,
                0.16381559942309942,
                0.19705168508735782,
                0.22933211167638567,
                0.256779858154264,
                0.2759291127846441,
                0.2842602329986345,
                0.2806265951513136,
                0.26544578222505294,
                0.2405910905463923,
                0.20900745199246631,
                0.1741551740450088,
                0.1394264882839348,
                0.1076713978836465,
                0.08091881262035162,
                0.060309530165803135,
                0.046196072653224625,
                0.03833018809927918,
                0.03605806548061964,
                0.038469148612776415,
                0.04448225203007379,
                0.05288671045342816,
                0.06237497807643982,
                0.07160198023477303,
                0.07928860074075145,
                0.08436066235672525,
                0.08609175189634967
            ],
            "actualIsThisClassMedian": 0.8,
            "actualIsNotThisClassMedian": 0.0
        }
    },
    "calibrationData": [
        {
            "y": 0,
            "x": 0,
            "n": 0
        },
        {
            "y": 0.05151378219611387,
            "x": 0.0,
            "n": 2213.0
        },
        {
            "y": 0.1925064599483204,
            "x": 0.2,
            "n": 774.0
        },
        {
            "y": 0.3490566037735849,
            "x": 0.4,
            "n": 530.0
        },
        {
            "y": 0.5060827250608273,
            "x": 0.5999999999999999,
            "n": 411.0
        },
        {
            "y": 0.6792452830188679,
            "x": 0.7999999999999998,
            "n": 371.0
        },
        {
            "y": 0.9536082474226805,
            "x": 1.0,
            "n": 776.0
        },
        {
            "y": 1,
            "x": 1,
            "n": 0
        }
    ],
    "probaDistribData": {
        "bins": [
            0.0,
            0.1,
            0.2,
            0.3,
            0.4,
            0.5,
            0.6,
            0.7,
            0.8,
            0.9,
            1.0
        ],
        "probaDistribs": [
            [
                2099.0,
                0.0,
                625.0,
                0.0,
                345.0,
                0.0,
                203.0,
                0.0,
                119.0,
                36.0
            ],
            [
                114.0,
                0.0,
                149.0,
                0.0,
                185.0,
                0.0,
                208.0,
                0.0,
                252.0,
                740.0
            ]
        ]
    },
    "globalMetrics": {
        "testWeight": 5075,
        "targetAvg": [
            0.3247290640394089
        ],
        "targetStd": [
            0.46831967225851195
        ],
        "predictionAvg": [
            0.3069950738916256
        ],
        "predictionStd": [
            0.46124732898728094
        ]
    }
}