{
    "predictedClassCountPerCut": [
        {
            "Canceled": 2862,
            "Not_Canceled": 2213
        },
        {
            "Canceled": 2862,
            "Not_Canceled": 2213
        },
        {
            "Canceled": 2862,
            "Not_Canceled": 2213
        },
        {
            "Canceled": 2862,
            "Not_Canceled": 2213
        },
        {
            "Canceled": 2862,
            "Not_Canceled": 2213
        },
        {
            "Canceled": 2862,
            "Not_Canceled": 2213
        },
        {
            "Canceled": 2862,
            "Not_Canceled": 2213
        },
        {
            "Canceled": 2862,
            "Not_Canceled": 2213
        },
        {
            "Not_Canceled": 2987,
            "Canceled": 2088
        },
        {
            "Not_Canceled": 2987,
            "Canceled": 2088
        },
        {
            "Not_Canceled": 2987,
            "Canceled": 2088
        },
        {
            "Not_Canceled": 2987,
            "Canceled": 2088
        },
        {
            "Not_Canceled": 2987,
            "Canceled": 2088
        },
        {
            "Not_Canceled": 2987,
            "Canceled": 2088
        },
        {
            "Not_Canceled": 2987,
            "Canceled": 2088
        },
        {
            "Not_Canceled": 2987,
            "Canceled": 2088
        },
        {
            "Not_Canceled": 3517,
            "Canceled": 1558
        },
        {
            "Not_Canceled": 3517,
            "Canceled": 1558
        },
        {
            "Not_Canceled": 3517,
            "Canceled": 1558
        },
        {
            "Not_Canceled": 3517,
            "Canceled": 1558
        },
        {
            "Not_Canceled": 3517,
            "Canceled": 1558
        },
        {
            "Not_Canceled": 3517,
            "Canceled": 1558
        },
        {
            "Not_Canceled": 3517,
            "Canceled": 1558
        },
        {
            "Not_Canceled": 3517,
            "Canceled": 1558
        },
        {
            "Not_Canceled": 3928,
            "Canceled": 1147
        },
        {
            "Not_Canceled": 3928,
            "Canceled": 1147
        },
        {
            "Not_Canceled": 3928,
            "Canceled": 1147
        },
        {
            "Not_Canceled": 3928,
            "Canceled": 1147
        },
        {
            "Not_Canceled": 3928,
            "Canceled": 1147
        },
        {
            "Not_Canceled": 3928,
            "Canceled": 1147
        },
        {
            "Not_Canceled": 3928,
            "Canceled": 1147
        },
        {
            "Not_Canceled": 3928,
            "Canceled": 1147
        },
        {
            "Not_Canceled": 4299,
            "Canceled": 776
        },
        {
            "Not_Canceled": 4299,
            "Canceled": 776
        },
        {
            "Not_Canceled": 4299,
            "Canceled": 776
        },
        {
            "Not_Canceled": 4299,
            "Canceled": 776
        },
        {
            "Not_Canceled": 4299,
            "Canceled": 776
        },
        {
            "Not_Canceled": 4299,
            "Canceled": 776
        },
        {
            "Not_Canceled": 4299,
            "Canceled": 776
        },
        {
            "Not_Canceled": 4299,
            "Canceled": 776
        }
    ],
    "cuts": [
        0.0,
        0.025,
        0.05,
        0.075,
        0.1,
        0.125,
        0.15,
        0.175,
        0.2,
        0.225,
        0.25,
        0.275,
        0.3,
        0.325,
        0.35,
        0.375,
        0.4,
        0.425,
        0.45,
        0.475,
        0.5,
        0.525,
        0.55,
        0.575,
        0.6,
        0.625,
        0.65,
        0.675,
        0.7,
        0.725,
        0.75,
        0.775,
        0.8,
        0.825,
        0.85,
        0.875,
        0.9,
        0.925,
        0.95,
        0.975
    ],
    "predictedClassCount": {
        "Not_Canceled": 3517,
        "Canceled": 1558
    },
    "probabilityDensities": {
        "Not_Canceled": {
            "density": [
                0.8523219688093535,
                0.8482332529241302,
                0.8297140596476376,
                0.7985128386094196,
                0.7571783740448542,
                0.7088362985428587,
                0.6569130796846734,
                0.6048380128823856,
                0.555755076802512,
                0.51227377997351,
                0.4762821433509289,
                0.4488368876188869,
                0.4301369830185983,
                0.419578090524101,
                0.41587791211457575,
                0.4172565941775784,
                0.4216523427771648,
                0.426950382348192,
                0.4312032879717547,
                0.4328224512912238,
                0.43072383898243055,
                0.4244160059932337,
                0.4140241349315691,
                0.4002501548074199,
                0.3842751243529051,
                0.36761542052396723,
                0.351948320648029,
                0.3389249560578299,
                0.3299892162444214,
                0.32622007564610317,
                0.32821223510492614,
                0.3360062329353713,
                0.3490746208111555,
                0.3663657390607297,
                0.3864013803360348,
                0.4074195407404107,
                0.4275489181696052,
                0.44499827828095867,
                0.45824172950887526,
                0.4661807163478511,
                0.4682653642528136,
                0.4645616359357741,
                0.4557562334579851,
                0.44309768214742096,
                0.42827877232485156,
                0.4132716975831809,
                0.4001321140489474,
                0.39079147432191275,
                0.38685814591643475,
                0.3894470295583639,
                0.39905484073919645,
                0.41549419216941597,
                0.4378944319291525,
                0.46477118678570706,
                0.49416010975194036,
                0.5238038976128916,
                0.5513757992839142,
                0.5747182373505086,
                0.5920724746613486,
                0.6022750116416548,
                0.604898868727737,
                0.6003229924183636,
                0.589720223675144,
                0.5749627484321153,
                0.5584526843428455,
                0.5428934113972192,
                0.5310235597991806,
                0.5253396425516301,
                0.52783489367258,
                0.5397809465747857,
                0.5615757410186688,
                0.5926757521653839,
                0.6316236063881768,
                0.6761737558371792,
                0.7235096098172794,
                0.7705360244551231,
                0.8142221909002357,
                0.8519627411709335,
                0.8819203261755703,
                0.9033118514376777,
                0.9166034555712524,
                0.9235861642671496,
                0.9273144124933473,
                0.9319023381168051,
                0.9421866935129382,
                0.963279112928097,
                1.000043104133562,
                1.0565414318129152,
                1.1355065727393325,
                1.2378897604409826,
                1.362541967298594,
                1.5060723156851479,
                1.6629155652833785,
                1.8256208749198104,
                1.9853503389453557,
                2.1325503035358886,
                2.2577345807742453,
                2.3523002815408063,
                2.409287709385038,
                2.423998124324646
            ],
            "median": 0.8
        },
        "Canceled": {
            "density": [
                2.423927876449645,
                2.4091905103324693,
                2.3521687624502774,
                2.257560611722238,
                2.1323254268703487,
                1.985066412131079,
                1.8252709158027625,
                1.6624947580671097,
                1.5055790962728435,
                1.3619790680999133,
                1.237265065159933,
                1.1348336194033832,
                1.055839414379341,
                0.9993362630949298,
                0.9625954721547475,
                0.9415561871082833,
                0.9313544650679951,
                0.9268756427147097,
                0.9232773811188811,
                0.9164377438879681,
                0.9032929193208059,
                0.8820417840071894,
                0.8522083613244796,
                0.8145671517589733,
                0.7709490212810974,
                0.7239556110220959,
                0.676617110679402,
                0.63203117719138,
                0.5930197519386354,
                0.5618360008453217,
                0.5399464071679109,
                0.5279042012482975,
                0.5253208202642436,
                0.5309328137789908,
                0.542753208374294,
                0.5582893010491413,
                0.5748035375987107,
                0.5895908642400542,
                0.6002449900267014,
                0.6048875456338929,
                0.6023381739228715,
                0.5922098734616044,
                0.5749218570422594,
                0.5516309186682535,
                0.5240907911368444,
                0.49445619375441774,
                0.46505337781531414,
                0.438141473232952,
                0.4156887195911266,
                0.3991849962951771,
                0.3895074837226587,
                0.3868504514282673,
                0.39072373895483653,
                0.4000180421384854,
                0.4131291061063594,
                0.4281277334998097,
                0.44295847766262514,
                0.4556473225126273,
                0.4644978377890516,
                0.46825643473118184,
                0.4662304576124335,
                0.45834771678962266,
                0.44515222219945494,
                0.42773761442040875,
                0.4076262984856059,
                0.3866077739042181,
                0.366553499405259,
                0.349227475720193,
                0.336111517338271,
                0.3282621218623777,
                0.32621231854060717,
                0.3299273457803854,
                0.33881792073875255,
                0.35180961774219943,
                0.3674618074214633,
                0.38412504095134914,
                0.4001220153270096,
                0.41393466065669704,
                0.4243787659370591,
                0.43074814229144537,
                0.43291269473427957,
                0.43135880833445944,
                0.42716580379896457,
                0.4219183516860002,
                0.41756102690926417,
                0.41620701181610126,
                0.41991778069082736,
                0.4304740186997463,
                0.4491597758893013,
                0.476581766743769,
                0.512543702219205,
                0.5559915520076075,
                0.6050397514117937,
                0.6570808431976826,
                0.7089724023245435,
                0.757286168776973,
                0.7985962294240141,
                0.8297771017213024,
                0.8482798437873015,
                0.8523556408908358
            ],
            "median": 0.2
        }
    }
}