{
  "state": "DONE",
  "preSearchDescription": {
    "gridLength": 1,
    "searchStrategy": "GRID",
    "importantParams": [
      {
        "name": "k",
        "vals": [
          "5"
        ]
      },
      {
        "name": "p",
        "val": "2"
      }
    ]
  },
  "postSearchDescription": {
    "importantParams": [
      {
        "name": "k",
        "val": "5"
      },
      {
        "name": "p",
        "val": "2"
      }
    ]
  },
  "resumed": false,
  "timeOrderingEnabled": false,
  "sampleWeightsEnabled": false,
  "modelId": "m1",
  "progress": {
    "top_level_todo": [],
    "stack": [],
    "top_level_done": [
      {
        "name": "Loading train set",
        "time": 2947
      },
      {
        "name": "Loading test set",
        "time": 141
      },
      {
        "name": "Collecting statistics",
        "time": 166
      },
      {
        "name": "Preprocessing train set",
        "time": 341
      },
      {
        "name": "Preprocessing test set",
        "time": 167
      },
      {
        "name": "Fitting model",
        "time": 89
      },
      {
        "name": "Saving model",
        "time": 106
      },
      {
        "name": "Scoring model",
        "time": 10244
      },
      {
        "name": "Preparing explainability",
        "time": 39854
      }
    ]
  },
  "startTime": 1741868358036,
  "endTime": 1741868412130,
  "preprocessingTime": 3796,
  "trainingTime": 50298,
  "hyperparamsSearchTime": 0,
  "pythonVersion": "3.7.13",
  "packagesVersion": {
    "pandas": "1.1.5",
    "scikit-learn": "1.0.2",
    "scipy": "1.7.3",
    "lightgbm": "3.2.1",
    "flask": "2.2.5",
    "itsdangerous": "2.1.2",
    "jinja2": "3.0.3",
    "xgboost": "0.82",
    "werkzeug": "2.2.3",
    "statsmodels": "0.13.5",
    "markupsafe": "2.1.5",
    "cloudpickle": "1.5.0"
  }
}