{
  "starred": false,
  "clusterMetas": {},
  "customMeta": {
    "kv": {}
  },
  "tags": [],
  "activeClassifierThreshold": 0.4,
  "description": "",
  "name": "K Nearest Neighbors (k\u003d5) (s1)",
  "labels": [
    {
      "key": "trainDataset:dataset-name",
      "value": "booking_train_prepared2"
    },
    {
      "key": "testDataset:dataset-name",
      "value": "booking_train_prepared2"
    },
    {
      "key": "evaluationDataset:dataset-name",
      "value": "booking_train_prepared2"
    },
    {
      "key": "model:algorithm",
      "value": "KNN"
    },
    {
      "key": "model:name",
      "value": "K Nearest Neighbors (k\u003d5) (s1)"
    },
    {
      "key": "model:date",
      "value": "2025-03-13T13:20:12.130+0100"
    },
    {
      "key": "evaluation:date",
      "value": "2025-03-13T13:20:12.130+0100"
    }
  ]
}