{
    "perClassFacts": {
        "unique": {
            "number_of_special_requests": {
                "impact": 0.7515950615519621,
                "rank": 1,
                "feature": "number_of_special_requests",
                "correlation": -0.7650506794124552,
                "type": "NUMERICAL"
            },
            "lead_time": {
                "impact": 0.7367796043577188,
                "rank": 2,
                "feature": "lead_time",
                "correlation": 0.8566488004375992,
                "type": "NUMERICAL"
            },
            "market_type": {
                "impact": 0.6343146216046274,
                "rank": 3,
                "feature": "market_type",
                "positiveCategoricalValue": "Online",
                "negativeCategoricalValue": "Offline",
                "infoGain": 0.6859298002523728,
                "type": "CATEGORICAL"
            },
            "avg_price_per_room": {
                "impact": 0.33559202706727065,
                "rank": 4,
                "feature": "avg_price_per_room",
                "correlation": 0.7323888551391439,
                "type": "NUMERICAL"
            }
        }
    }
}