{
    "metrics": {},
    "processed_feature_names": [
        "previous_cancellations",
        "week_nights",
        "number_of_special_requests",
        "year",
        "adults",
        "avg_price_per_room",
        "month",
        "children",
        "lead_time",
        "weekend_nights",
        "day",
        "day_of_week",
        "dummy:parking_request:No",
        "dummy:parking_request:Yes",
        "dummy:parking_request:N/A",
        "dummy:parking_request:__Others__",
        "dummy:meal_plan:Meal Plan 1",
        "dummy:meal_plan:Not Selected",
        "dummy:meal_plan:Meal Plan 2",
        "dummy:meal_plan:Meal Plan 3",
        "dummy:meal_plan:N/A",
        "dummy:meal_plan:__Others__",
        "dummy:first_time:Yes",
        "dummy:first_time:No",
        "dummy:first_time:N/A",
        "dummy:first_time:__Others__",
        "dummy:room_type_reserved:Room_Type 1",
        "dummy:room_type_reserved:Room_Type 4",
        "dummy:room_type_reserved:Room_Type 6",
        "dummy:room_type_reserved:Room_Type 2",
        "dummy:room_type_reserved:Room_Type 5",
        "dummy:room_type_reserved:Room_Type 7",
        "dummy:room_type_reserved:Room_Type 3",
        "dummy:room_type_reserved:N/A",
        "dummy:room_type_reserved:__Others__",
        "dummy:market_type:Online",
        "dummy:market_type:Offline",
        "dummy:market_type:Corporate",
        "dummy:market_type:Complementary",
        "dummy:market_type:Aviation",
        "dummy:market_type:N/A",
        "dummy:market_type:__Others__"
    ],
    "optimalThreshold": 0.425,
    "usedThreshold": 0.425,
    "perCutData": {
        "cut": [
            0.0,
            0.025,
            0.05,
            0.075,
            0.1,
            0.125,
            0.15,
            0.175,
            0.2,
            0.225,
            0.25,
            0.275,
            0.3,
            0.325,
            0.35,
            0.375,
            0.4,
            0.425,
            0.45,
            0.475,
            0.5,
            0.525,
            0.55,
            0.575,
            0.6,
            0.625,
            0.65,
            0.675,
            0.7,
            0.725,
            0.75,
            0.775,
            0.8,
            0.825,
            0.85,
            0.875,
            0.9,
            0.925,
            0.95,
            0.975
        ],
        "tp": [
            1648,
            1648,
            1647,
            1638,
            1624,
            1602,
            1558,
            1525,
            1496,
            1465,
            1433,
            1397,
            1368,
            1335,
            1293,
            1286,
            1255,
            1239,
            1207,
            1171,
            1128,
            1083,
            1036,
            1001,
            942,
            884,
            808,
            725,
            655,
            552,
            461,
            405,
            357,
            324,
            265,
            186,
            132,
            88,
            20,
            0
        ],
        "tn": [
            0,
            226,
            536,
            891,
            1219,
            1524,
            1830,
            2053,
            2259,
            2392,
            2560,
            2662,
            2721,
            2830,
            2903,
            2932,
            2981,
            3013,
            3052,
            3084,
            3130,
            3175,
            3216,
            3241,
            3274,
            3299,
            3345,
            3383,
            3398,
            3410,
            3417,
            3422,
            3423,
            3427,
            3427,
            3427,
            3427,
            3427,
            3427,
            3427
        ],
        "fp": [
            3427,
            3201,
            2891,
            2536,
            2208,
            1903,
            1597,
            1374,
            1168,
            1035,
            867,
            765,
            706,
            597,
            524,
            495,
            446,
            414,
            375,
            343,
            297,
            252,
            211,
            186,
            153,
            128,
            82,
            44,
            29,
            17,
            10,
            5,
            4,
            0,
            0,
            0,
            0,
            0,
            0,
            0
        ],
        "fn": [
            0,
            0,
            1,
            10,
            24,
            46,
            90,
            123,
            152,
            183,
            215,
            251,
            280,
            313,
            355,
            362,
            393,
            409,
            441,
            477,
            520,
            565,
            612,
            647,
            706,
            764,
            840,
            923,
            993,
            1096,
            1187,
            1243,
            1291,
            1324,
            1383,
            1462,
            1516,
            1560,
            1628,
            1648
        ],
        "precision": [
            0.3247290640394089,
            0.3398638894617447,
            0.3629352137505509,
            0.39242932438907524,
            0.42379958246346555,
            0.45706134094151213,
            0.49381933438985737,
            0.5260434632631942,
            0.5615615615615616,
            0.586,
            0.6230434782608696,
            0.6461609620721555,
            0.6595949855351977,
            0.6909937888198758,
            0.7116125481563016,
            0.7220662549129703,
            0.737801293356849,
            0.7495462794918331,
            0.7629582806573957,
            0.773447820343461,
            0.791578947368421,
            0.8112359550561797,
            0.830793905372895,
            0.8433024431339511,
            0.8602739726027397,
            0.8735177865612648,
            0.9078651685393259,
            0.9427828348504551,
            0.9576023391812866,
            0.9701230228471002,
            0.9787685774946921,
            0.9878048780487805,
            0.9889196675900277,
            1.0,
            1.0,
            1.0,
            1.0,
            1.0,
            1.0,
            0.0
        ],
        "recall": [
            1.0,
            1.0,
            0.9993932038834952,
            0.9939320388349514,
            0.9854368932038835,
            0.9720873786407767,
            0.9453883495145631,
            0.9253640776699029,
            0.9077669902912622,
            0.8889563106796117,
            0.8695388349514563,
            0.8476941747572816,
            0.8300970873786407,
            0.8100728155339806,
            0.7845873786407767,
            0.7803398058252428,
            0.7615291262135923,
            0.7518203883495146,
            0.7324029126213593,
            0.7105582524271845,
            0.6844660194174758,
            0.6571601941747572,
            0.6286407766990292,
            0.6074029126213593,
            0.5716019417475728,
            0.5364077669902912,
            0.49029126213592233,
            0.4399271844660194,
            0.39745145631067963,
            0.33495145631067963,
            0.2797330097087379,
            0.24575242718446602,
            0.216626213592233,
            0.1966019417475728,
            0.16080097087378642,
            0.11286407766990292,
            0.08009708737864078,
            0.05339805825242718,
            0.012135922330097087,
            0.0
        ],
        "accuracy": [
            0.3247290640394089,
            0.36926108374384237,
            0.43014778325123154,
            0.4983251231527094,
            0.5601970443349754,
            0.6159605911330049,
            0.6675862068965517,
            0.7050246305418719,
            0.7399014778325124,
            0.76,
            0.7867980295566502,
            0.7998029556650247,
            0.8057142857142857,
            0.8206896551724138,
            0.8267980295566503,
            0.8311330049261084,
            0.834679802955665,
            0.8378325123152709,
            0.8392118226600985,
            0.8384236453201971,
            0.8390147783251232,
            0.8390147783251232,
            0.8378325123152709,
            0.8358620689655173,
            0.8307389162561576,
            0.8242364532019705,
            0.8183251231527093,
            0.8094581280788178,
            0.7986206896551724,
            0.7806896551724138,
            0.7641379310344828,
            0.7540886699507389,
            0.7448275862068966,
            0.7391133004926108,
            0.727487684729064,
            0.7119211822660099,
            0.7012807881773399,
            0.6926108374384237,
            0.6792118226600985,
            0.6752709359605912
        ],
        "f1": [
            0.49025732559869106,
            0.5073110666461443,
            0.5324927255092143,
            0.5626932325661285,
            0.5927007299270073,
            0.621773724044246,
            0.6487611909223402,
            0.670771937541236,
            0.693877551020408,
            0.7063645130183221,
            0.7259371833839919,
            0.7333333333333334,
            0.7350886620096723,
            0.7458100558659219,
            0.7463203463203463,
            0.7500729075532225,
            0.7494774559570022,
            0.7506816116328386,
            0.7473684210526317,
            0.7406704617330805,
            0.734136023429873,
            0.7261146496815286,
            0.7157167530224525,
            0.7061728395061729,
            0.6868392271235874,
            0.6646616541353384,
            0.6367218282111899,
            0.5999172527927182,
            0.5617495711835334,
            0.49797023004059543,
            0.43511090136857017,
            0.3935860058309038,
            0.35540069686411146,
            0.32860040567951315,
            0.27705175117616315,
            0.20283533260632497,
            0.14831460674157304,
            0.10138248847926266,
            0.02398081534772182,
            0.0
        ],
        "mcc": [
            0.0,
            0.14970960999117602,
            0.23718038339583583,
            0.31117489837455126,
            0.37146851717272594,
            0.4222409603546475,
            0.4628796379776607,
            0.496215004425188,
            0.5316308695207765,
            0.5497596728806563,
            0.5799720351878674,
            0.5913532200192226,
            0.594487492238412,
            0.6132348880434861,
            0.616996221820731,
            0.6239212394034789,
            0.6263340277468135,
            0.6305200812037908,
            0.6298043644866934,
            0.624815169150992,
            0.6229291371776515,
            0.6207178270898082,
            0.6168134266780774,
            0.61188927429471,
            0.5998764449689412,
            0.5848875997125987,
            0.5742719371003662,
            0.5577669902572241,
            0.5334128574282065,
            0.4897628348846706,
            0.4467321140718658,
            0.41978767365528996,
            0.39251108818681096,
            0.37658102954068257,
            0.3384767538962808,
            0.28127096423755654,
            0.23565144594216092,
            0.19155791462719576,
            0.09070534226155536,
            0.0
        ],
        "hammingLoss": [
            0.6752709359605911,
            0.6307389162561576,
            0.5698522167487685,
            0.5016748768472906,
            0.4398029556650246,
            0.38403940886699506,
            0.3324137931034483,
            0.2949753694581281,
            0.26009852216748763,
            0.24,
            0.21320197044334976,
            0.20019704433497532,
            0.19428571428571428,
            0.17931034482758623,
            0.17320197044334973,
            0.16886699507389158,
            0.16532019704433498,
            0.1621674876847291,
            0.16078817733990147,
            0.1615763546798029,
            0.16098522167487683,
            0.16098522167487683,
            0.1621674876847291,
            0.1641379310344827,
            0.1692610837438424,
            0.17576354679802952,
            0.18167487684729067,
            0.19054187192118222,
            0.2013793103448276,
            0.21931034482758616,
            0.2358620689655172,
            0.24591133004926113,
            0.2551724137931034,
            0.2608866995073892,
            0.272512315270936,
            0.28807881773399013,
            0.29871921182266015,
            0.30738916256157633,
            0.3207881773399015,
            0.3247290640394088
        ],
        "assertionsMetrics": [],
        "overridesMetrics": []
    },
    "tiMetrics": {
        "auc": 0.9009461557420937,
        "logLoss": 0.3768168789541046,
        "lift": 2.0524878640776696,
        "averagePrecision": 0.8439283003416628,
        "calibrationLoss": 0.04687930854090165
    },
    "probaPercentiles": [
        0.009928953809442354,
        0.014019517741024086,
        0.017993185975600446,
        0.02271026481828431,
        0.028091747963884216,
        0.03155101081147823,
        0.03492144149887603,
        0.03964885004744501,
        0.04459823502333077,
        0.047631305765397085,
        0.0514189658703046,
        0.05516410791496809,
        0.058161583800653865,
        0.06190874954552606,
        0.06549380051846321,
        0.06801233047940275,
        0.07188622083182714,
        0.07612052727854933,
        0.08021469529450455,
        0.08397647732802699,
        0.0886094482469184,
        0.0916658687157396,
        0.09520884880568453,
        0.09823511071056465,
        0.10115352637210419,
        0.1056562206020146,
        0.10927960593865585,
        0.11221782875829052,
        0.11563975364663917,
        0.12027339724310644,
        0.12523770897919376,
        0.12861097351109999,
        0.1324457529727577,
        0.13513767034725419,
        0.13830953337356902,
        0.14154494433965378,
        0.14658437002555819,
        0.15088190855511935,
        0.15497241824947405,
        0.15907684321249227,
        0.16453665997180777,
        0.16981714981902477,
        0.17631538918737874,
        0.1813207164931336,
        0.188155174657247,
        0.19232355652011093,
        0.19720500113960637,
        0.2031026485499897,
        0.21117192782308142,
        0.22034327811950322,
        0.22633520669210772,
        0.23311921853432507,
        0.2380072900702718,
        0.2470740211752203,
        0.2529190667251797,
        0.2636636937154262,
        0.26983864230585813,
        0.27919225606410547,
        0.2983744074850356,
        0.3064928284964788,
        0.312500770405031,
        0.3259744769305956,
        0.3326627823032813,
        0.3481389086614056,
        0.37515956473993967,
        0.3941452451923235,
        0.41600428201324513,
        0.43282584177795297,
        0.4549969848443419,
        0.4701705970515822,
        0.4906009496464226,
        0.5004421323591971,
        0.5141080878290278,
        0.5288343393663603,
        0.5450771365914562,
        0.5626772007553347,
        0.578448203629404,
        0.5916406753229309,
        0.6089681892272885,
        0.6247435495812385,
        0.6344301970692051,
        0.644864966154215,
        0.6554295854679567,
        0.6654008225840738,
        0.6767380747390216,
        0.6920769256109637,
        0.7069116939444136,
        0.7173567841178097,
        0.7258117900564494,
        0.734755213625759,
        0.7525628724481223,
        0.7796608232910439,
        0.800852066992086,
        0.8367699604827794,
        0.8548182807393796,
        0.8721909066379756,
        0.8923330092425907,
        0.922889869037786,
        0.9376279568379355
    ],
    "rocVizData": [
        [
            {
                "x": 0.0,
                "y": 0.0,
                "p": 1.974714162782677
            },
            {
                "x": 0.0,
                "y": 0.050970873786407765,
                "p": 0.9282590885065573
            },
            {
                "x": 0.0,
                "y": 0.10315533980582524,
                "p": 0.8842979612336481
            },
            {
                "x": 0.0,
                "y": 0.154126213592233,
                "p": 0.8556563226031773
            },
            {
                "x": 0.0002918004085205719,
                "y": 0.20570388349514562,
                "p": 0.8122879499261497
            },
            {
                "x": 0.0023344032681645753,
                "y": 0.2566747572815534,
                "p": 0.7631017971251572
            },
            {
                "x": 0.004377006127808579,
                "y": 0.3106796116504854,
                "p": 0.7334276370144871
            },
            {
                "x": 0.00612780857893201,
                "y": 0.3604368932038835,
                "p": 0.7160789950380293
            },
            {
                "x": 0.009921213889699446,
                "y": 0.408373786407767,
                "p": 0.6930256726268245
            },
            {
                "x": 0.015465421651590313,
                "y": 0.4557038834951456,
                "p": 0.6667881514275846
            },
            {
                "x": 0.02742923840093376,
                "y": 0.4963592233009709,
                "p": 0.6450694758924376
            },
            {
                "x": 0.0385176539247155,
                "y": 0.5388349514563107,
                "p": 0.6226796280274149
            },
            {
                "x": 0.04697986577181208,
                "y": 0.5831310679611651,
                "p": 0.5915119614692766
            },
            {
                "x": 0.0592354829296761,
                "y": 0.6231796116504854,
                "p": 0.5580984646974172
            },
            {
                "x": 0.07440910417274584,
                "y": 0.6601941747572816,
                "p": 0.5232464212097641
            },
            {
                "x": 0.089290925007295,
                "y": 0.6972087378640777,
                "p": 0.49363261402040715
            },
            {
                "x": 0.10884155237817333,
                "y": 0.7293689320388349,
                "p": 0.4549454899726193
            },
            {
                "x": 0.12955938138313394,
                "y": 0.7603155339805825,
                "p": 0.40283474416928966
            },
            {
                "x": 0.1546542165159031,
                "y": 0.7858009708737864,
                "p": 0.34852208910388904
            },
            {
                "x": 0.18062445287423404,
                "y": 0.8137135922330098,
                "p": 0.31637022686498406
            },
            {
                "x": 0.21155529617741464,
                "y": 0.8349514563106796,
                "p": 0.287018133885628
            },
            {
                "x": 0.23927633498686898,
                "y": 0.8616504854368932,
                "p": 0.2633091500456979
            },
            {
                "x": 0.2775021885030639,
                "y": 0.8756067961165048,
                "p": 0.2377746253504569
            },
            {
                "x": 0.30901663262328566,
                "y": 0.8956310679611651,
                "p": 0.22063412883916847
            },
            {
                "x": 0.34578348409687776,
                "y": 0.9101941747572816,
                "p": 0.19791489326981326
            },
            {
                "x": 0.3854683396556755,
                "y": 0.9211165048543689,
                "p": 0.1813941047997293
            },
            {
                "x": 0.4283629997081996,
                "y": 0.9350728155339806,
                "p": 0.16344072682391622
            },
            {
                "x": 0.4674642544499562,
                "y": 0.9466019417475728,
                "p": 0.1495038132497919
            },
            {
                "x": 0.5045229063320689,
                "y": 0.9617718446601942,
                "p": 0.13775589867691426
            },
            {
                "x": 0.5462503647505107,
                "y": 0.9714805825242718,
                "p": 0.12731177084625123
            },
            {
                "x": 0.5888532243945142,
                "y": 0.9805825242718447,
                "p": 0.11402443434528665
            },
            {
                "x": 0.635249489349285,
                "y": 0.9848300970873787,
                "p": 0.10195351475547615
            },
            {
                "x": 0.6825211555296178,
                "y": 0.9896844660194175,
                "p": 0.09067820926185727
            },
            {
                "x": 0.7295010213014298,
                "y": 0.9933252427184466,
                "p": 0.07842284690261908
            },
            {
                "x": 0.7782316895243654,
                "y": 0.9969660194174758,
                "p": 0.06566606038598895
            },
            {
                "x": 0.8292967610154655,
                "y": 0.9987864077669902,
                "p": 0.05279781807574647
            },
            {
                "x": 0.8789028304639627,
                "y": 0.9993932038834952,
                "p": 0.04095060359284446
            },
            {
                "x": 0.9343449080828713,
                "y": 1.0,
                "p": 0.02485042511041074
            },
            {
                "x": 0.9851181791654509,
                "y": 1.0,
                "p": 0.009934682510241677
            },
            {
                "x": 1.0,
                "y": 1.0,
                "p": 0.001834293732017661
            }
        ]
    ],
    "liftVizData": {
        "bins": [
            {
                "bin_pos_prop": 0.9763313609,
                "bin_lift": 3.0066029471,
                "cum_lift": 0.3003640777,
                "cum_size": 0.0999014778,
                "bin_min": 0.7347552136,
                "bin_max": 0.9747141628,
                "percentile_idx": 0
            },
            {
                "bin_pos_prop": 0.7702970297,
                "bin_lift": 2.3721222244,
                "cum_lift": 0.536407767,
                "cum_size": 0.199408867,
                "bin_min": 0.6247435496,
                "bin_max": 0.7347552136,
                "percentile_idx": 1
            },
            {
                "bin_pos_prop": 0.5733855186,
                "bin_lift": 1.7657351377,
                "cum_lift": 0.7141990291,
                "cum_size": 0.3000985222,
                "bin_min": 0.4701705971,
                "bin_max": 0.6247435496,
                "percentile_idx": 2
            },
            {
                "bin_pos_prop": 0.347826087,
                "bin_lift": 1.0711270578,
                "cum_lift": 0.8209951456,
                "cum_size": 0.3998029557,
                "bin_min": 0.3064928285,
                "bin_max": 0.4701705971,
                "percentile_idx": 3
            },
            {
                "bin_pos_prop": 0.243083004,
                "bin_lift": 0.7485717506,
                "cum_lift": 0.895631068,
                "cum_size": 0.4995073892,
                "bin_min": 0.2203432781,
                "bin_max": 0.3064928285,
                "percentile_idx": 4
            },
            {
                "bin_pos_prop": 0.1333333333,
                "bin_lift": 0.4105987055,
                "cum_lift": 0.9368932039,
                "cum_size": 0.6,
                "bin_min": 0.1590768432,
                "bin_max": 0.2203432781,
                "percentile_idx": 5
            },
            {
                "bin_pos_prop": 0.124260355,
                "bin_lift": 0.3826585569,
                "cum_lift": 0.9751213592,
                "cum_size": 0.6999014778,
                "bin_min": 0.1202733972,
                "bin_max": 0.1590768432,
                "percentile_idx": 6
            },
            {
                "bin_pos_prop": 0.0531496063,
                "bin_lift": 0.1636736966,
                "cum_lift": 0.9915048544,
                "cum_size": 0.8,
                "bin_min": 0.0839764773,
                "bin_max": 0.1202733972,
                "percentile_idx": 7
            },
            {
                "bin_pos_prop": 0.0256410256,
                "bin_lift": 0.0789612895,
                "cum_lift": 0.9993932039,
                "cum_size": 0.8999014778,
                "bin_min": 0.0476313058,
                "bin_max": 0.0839764773,
                "percentile_idx": 8
            },
            {
                "bin_pos_prop": 0.0019685039,
                "bin_lift": 0.0060619888,
                "cum_lift": 1.0,
                "cum_size": 1.0,
                "bin_min": 0.0018342937,
                "bin_max": 0.0476313058,
                "percentile_idx": 9
            }
        ],
        "wizard": {
            "positives": 1648,
            "total": 5075
        }
    },
    "prVizData": [
        {
            "bins": [
                {
                    "x": 1.0,
                    "y": 0.35243798118049613,
                    "p": 0.038830524119015504
                },
                {
                    "x": 0.9933252427184466,
                    "y": 0.3944578313253012,
                    "p": 0.07765391797148517
                },
                {
                    "x": 0.9836165048543689,
                    "y": 0.43238196852494,
                    "p": 0.10637949922022161
                },
                {
                    "x": 0.9690533980582524,
                    "y": 0.4647846332945285,
                    "p": 0.13021357806314465
                },
                {
                    "x": 0.9484223300970874,
                    "y": 0.4892018779342723,
                    "p": 0.14692687072915778
                },
                {
                    "x": 0.9308252427184466,
                    "y": 0.517020559487698,
                    "p": 0.16705479291935388
                },
                {
                    "x": 0.9156553398058253,
                    "y": 0.5481293134762077,
                    "p": 0.19153367083982634
                },
                {
                    "x": 0.8986650485436893,
                    "y": 0.5771628994544037,
                    "p": 0.21453092773284413
                },
                {
                    "x": 0.8774271844660194,
                    "y": 0.6004983388704319,
                    "p": 0.2367652367429956
                },
                {
                    "x": 0.8616504854368932,
                    "y": 0.6325167037861915,
                    "p": 0.26278161323649507
                },
                {
                    "x": 0.8361650485436893,
                    "y": 0.6527711984841308,
                    "p": 0.28446102555001446
                },
                {
                    "x": 0.8155339805825242,
                    "y": 0.6781029263370333,
                    "p": 0.3124650289806958
                },
                {
                    "x": 0.7930825242718447,
                    "y": 0.7042025862068966,
                    "p": 0.3390304959925799
                },
                {
                    "x": 0.7718446601941747,
                    "y": 0.7276887871853547,
                    "p": 0.3858046273467548
                },
                {
                    "x": 0.7506067961165048,
                    "y": 0.7524330900243309,
                    "p": 0.4287740129931148
                },
                {
                    "x": 0.7220873786407767,
                    "y": 0.7687338501291989,
                    "p": 0.4622517070609272
                },
                {
                    "x": 0.6972087378640777,
                    "y": 0.7886067261496225,
                    "p": 0.49353779093670225
                },
                {
                    "x": 0.6674757281553398,
                    "y": 0.804093567251462,
                    "p": 0.5153293301017637
                },
                {
                    "x": 0.6389563106796117,
                    "y": 0.8207326578332035,
                    "p": 0.5417776899067008
                },
                {
                    "x": 0.6116504854368932,
                    "y": 0.839300582847627,
                    "p": 0.57145485659578
                },
                {
                    "x": 0.5800970873786407,
                    "y": 0.855863921217547,
                    "p": 0.591690730710463
                },
                {
                    "x": 0.5497572815533981,
                    "y": 0.8711538461538462,
                    "p": 0.6177790952610801
                },
                {
                    "x": 0.5175970873786407,
                    "y": 0.885773624091381,
                    "p": 0.6349798801756916
                },
                {
                    "x": 0.48725728155339804,
                    "y": 0.9083710407239819,
                    "p": 0.6514579439283794
                },
                {
                    "x": 0.46298543689320387,
                    "y": 0.9316239316239316,
                    "p": 0.6646656637185622
                },
                {
                    "x": 0.4308252427184466,
                    "y": 0.9479305740987984,
                    "p": 0.681832764613983
                },
                {
                    "x": 0.3913834951456311,
                    "y": 0.9583952451708767,
                    "p": 0.7038209826001403
                },
                {
                    "x": 0.3483009708737864,
                    "y": 0.9647058823529412,
                    "p": 0.7201683679857754
                },
                {
                    "x": 0.30461165048543687,
                    "y": 0.974757281553398,
                    "p": 0.733587136139657
                },
                {
                    "x": 0.2621359223300971,
                    "y": 0.9818181818181818,
                    "p": 0.759329700269727
                },
                {
                    "x": 0.22148058252427186,
                    "y": 0.989159891598916,
                    "p": 0.788785334334996
                },
                {
                    "x": 0.18264563106796117,
                    "y": 1.0,
                    "p": 0.8383885351183186
                },
                {
                    "x": 0.13228155339805825,
                    "y": 1.0,
                    "p": 0.8669497119134928
                },
                {
                    "x": 0.08191747572815535,
                    "y": 1.0,
                    "p": 0.8974861841219438
                },
                {
                    "x": 0.03155339805825243,
                    "y": 1.0,
                    "p": 0.9374872857405728
                },
                {
                    "x": 0.0006067961165048543,
                    "y": 1.0,
                    "p": 0.974714162782677
                }
            ],
            "positiveRate": 0.3247290640394089
        }
    ],
    "densityData": {
        "Not_Canceled": {
            "actualIsThisClass": [
                7.582731445298604e-09,
                3.3367791852504774e-08,
                1.3545949390760463e-07,
                5.074289201219543e-07,
                1.7544679431476946e-06,
                5.6009580223619454e-06,
                1.651564709879488e-05,
                4.500395351927256e-05,
                0.00011339128903699754,
                0.0002643606659608158,
                0.0005708203345431084,
                0.001142871892019637,
                0.00212498359175445,
                0.003676638828766025,
                0.005935491007095188,
                0.008973344088406856,
                0.012766803803186037,
                0.017207071270359826,
                0.022160301365304447,
                0.027564014254434336,
                0.03352008884706834,
                0.04033833169268681,
                0.048505399290374895,
                0.058594053353971054,
                0.07116412136142215,
                0.08671190551068676,
                0.10568538637261207,
                0.12851415768020624,
                0.15555259494926613,
                0.1868562690233104,
                0.22182170451139152,
                0.25886503231355285,
                0.29538994761609066,
                0.3282128568566333,
                0.35438484501604767,
                0.372102999939591,
                0.3813035519125748,
                0.38365961536012666,
                0.38199740499061197,
                0.3794175215962587,
                0.3785016371193354,
                0.380868042948346,
                0.3871166095289198,
                0.39702357505479896,
                0.40979629634433234,
                0.4242651155761438,
                0.43900066777352414,
                0.45242710289864235,
                0.463014548151656,
                0.46957513262862877,
                0.4715897685325437,
                0.46941971446670816,
                0.4642672061983685,
                0.4578549110743133,
                0.45194027010181237,
                0.4478810094089801,
                0.44646215182266114,
                0.44808317678826387,
                0.4532352327176475,
                0.46303804040435725,
                0.4795196061437008,
                0.5053683714508183,
                0.5430965942681498,
                0.5938780379812166,
                0.6566111475758212,
                0.7278082637325053,
                0.8026010858647755,
                0.8765727229909308,
                0.9475880737789282,
                1.0166643589066333,
                1.0873671244292356,
                1.164027156564861,
                1.2497572618469015,
                1.3453494971788742,
                1.4495731568006676,
                1.5605436231155112,
                1.6772522103212364,
                1.8003801477425327,
                1.932061599500323,
                2.074879203384735,
                2.2306685222587075,
                2.3995939999125167,
                2.5796698459859795,
                2.7667095597727225,
                2.9546652010249925,
                3.1363242920964,
                3.3042338970557856,
                3.4515518404535332,
                3.5724450479184466,
                3.661786107859886,
                3.714218796790595,
                3.7230332371202666,
                3.6795446947480563,
                3.5736722006269717,
                3.396091717989066,
                3.141718271844159,
                2.8135220072787273,
                2.4251328808831905,
                2.00072733195554,
                1.5715291185564468
            ],
            "actualIsNotThisClass": [
                0.3522992190741879,
                0.4344169290035244,
                0.523921565771342,
                0.6185517046424027,
                0.7155710978128025,
                0.8119753464482993,
                0.9047325938323454,
                0.9910296691847134,
                1.0684980795423338,
                1.1354012075906526,
                1.190771874649936,
                1.234495080723018,
                1.2673327213120793,
                1.2908860338865693,
                1.3074899299320437,
                1.3200344029225475,
                1.3317142182849397,
                1.3457193701472598,
                1.3648931335896797,
                1.39139786289651,
                1.4264363629610044,
                1.4700751308431068,
                1.521203794428694,
                1.5776442915552313,
                1.636397889150463,
                1.6939936648502187,
                1.7468842101833528,
                1.791827265153589,
                1.8261974002963464,
                1.8481883324858992,
                1.8568898835701486,
                1.852248196449521,
                1.8349377389054244,
                1.8061844928956376,
                1.767579883011116,
                1.720915831185978,
                1.668056685784485,
                1.6108486419193992,
                1.5510561506037217,
                1.4903104040387556,
                1.4300575352752036,
                1.3715016933352289,
                1.315547306786752,
                1.2627521406134274,
                1.2133056533258144,
                1.167044779368519,
                1.1235124370983078,
                1.0820549421157144,
                1.041945777396449,
                1.002517224513083,
                0.9632796217948522,
                0.9240106406167012,
                0.8848029407923351,
                0.8460661238796585,
                0.808486161985898,
                0.7729509843349524,
                0.7404539698606328,
                0.7119878352207364,
                0.6884404882415277,
                0.6705026622453762,
                0.6585951847862637,
                0.6528218067460817,
                0.6529515133145001,
                0.6584318988581571,
                0.6684323672719645,
                0.6819127656345169,
                0.6977100296428004,
                0.7146331318888892,
                0.7315556138996125,
                0.7474954872159306,
                0.7616741589178282,
                0.7735488171577318,
                0.782815842526526,
                0.7893858510033702,
                0.793333734582395,
                0.79482958178498,
                0.7940587218784195,
                0.7911412659004804,
                0.7860630231963887,
                0.7786298817589793,
                0.7684559354342673,
                0.7549914164376804,
                0.7375900917913557,
                0.7156082416364103,
                0.6885203229037027,
                0.6560317879078164,
                0.6181687216994995,
                0.5753275011702269,
                0.5282749050324076,
                0.478098332090222,
                0.4261148020088789,
                0.37375414420054504,
                0.32243488813638166,
                0.27345056718937877,
                0.22788015976294596,
                0.18653059319036353,
                0.14991316750570244,
                0.11825067553524775,
                0.0915086195986458,
                0.06944239628333095
            ],
            "actualIsThisClassMedian": 0.8615907854033306,
            "actualIsNotThisClassMedian": 0.3584502873694554
        },
        "Canceled": {
            "actualIsThisClass": [
                0.06944239628333075,
                0.09150861959864612,
                0.11825067553524775,
                0.14991316750570216,
                0.18653059319036436,
                0.22788015976294654,
                0.27345056718937755,
                0.3224348881363782,
                0.37375414420054237,
                0.426114802008877,
                0.4780983320902284,
                0.5282749050324118,
                0.5753275011702299,
                0.6181687216995017,
                0.6560317879078169,
                0.6885203229037051,
                0.7156082416364135,
                0.7375900917913557,
                0.7549914164376804,
                0.7684559354342653,
                0.7786298817589751,
                0.7860630231963844,
                0.7911412659004783,
                0.7940587218784202,
                0.7948295817849814,
                0.7933337345823985,
                0.7893858510033653,
                0.7828158425265281,
                0.7735488171577264,
                0.7616741589178335,
                0.7474954872159306,
                0.7315556138996178,
                0.7146331318888867,
                0.6977100296427997,
                0.6819127656345211,
                0.6684323672719645,
                0.6584318988581518,
                0.6529515133145001,
                0.6528218067460799,
                0.658595184786266,
                0.6705026622453804,
                0.6884404882415228,
                0.711987835220732,
                0.7404539698606335,
                0.7729509843349448,
                0.8084861619858886,
                0.8460661238796405,
                0.8848029407923501,
                0.9240106406167193,
                0.9632796217948435,
                1.002517224513097,
                1.041945777396448,
                1.082054942115699,
                1.1235124370983098,
                1.1670447793685077,
                1.2133056533258133,
                1.2627521406134241,
                1.3155473067867485,
                1.3715016933352278,
                1.430057535275182,
                1.4903104040387716,
                1.5510561506037492,
                1.6108486419193992,
                1.6680566857844805,
                1.7209158311859918,
                1.7675798830111191,
                1.8061844928956248,
                1.8349377389054244,
                1.8522481964495374,
                1.8568898835701155,
                1.8481883324859254,
                1.826197400296356,
                1.7918272651535874,
                1.7468842101833544,
                1.6939936648502036,
                1.6363978891504398,
                1.5776442915552213,
                1.5212037944287076,
                1.470075130843125,
                1.426436362961012,
                1.3913978628965025,
                1.364893133589681,
                1.3457193701472479,
                1.3317142182849315,
                1.320034402922551,
                1.3074899299320473,
                1.2908860338865737,
                1.2673327213120906,
                1.2344950807230288,
                1.190771874649938,
                1.1354012075906597,
                1.0684980795423262,
                0.9910296691847301,
                0.9047325938323357,
                0.8119753464482964,
                0.7155710978127967,
                0.618551704642407,
                0.5239215657713396,
                0.43441692900352713,
                0.352299219074191
            ],
            "actualIsNotThisClass": [
                1.5715291185564413,
                2.0007273319555896,
                2.4251328808831776,
                2.813522007278732,
                3.141718271844187,
                3.396091717989078,
                3.57367220062687,
                3.6795446947479515,
                3.723033237120326,
                3.714218796790569,
                3.661786107859834,
                3.5724450479185355,
                3.451551840453521,
                3.3042338970557856,
                3.1363242920963943,
                2.9546652010249295,
                2.766709559772752,
                2.57966984598597,
                2.399593999912538,
                2.2306685222587075,
                2.074879203384746,
                1.9320615995003676,
                1.8003801477425263,
                1.6772522103212484,
                1.5605436231154948,
                1.4495731568006882,
                1.3453494971788813,
                1.2497572618469415,
                1.1640271565648486,
                1.087367124429243,
                1.0166643589066442,
                0.9475880737789315,
                0.8765727229909355,
                0.8026010858647834,
                0.7278082637324892,
                0.656611147575827,
                0.5938780379812119,
                0.5430965942681494,
                0.5053683714508169,
                0.47951960614371014,
                0.46303804040435026,
                0.4532352327176507,
                0.4480831767882627,
                0.4464621518226643,
                0.44788100940897496,
                0.4519402701018172,
                0.45785491107431453,
                0.46426720619836476,
                0.46941971446670233,
                0.4715897685325374,
                0.4695751326286292,
                0.4630145481516519,
                0.45242710289864396,
                0.43900066777352453,
                0.424265115576145,
                0.40979629634433595,
                0.3970235750548043,
                0.3871166095289208,
                0.3808680429483453,
                0.37850163711933843,
                0.3794175215962587,
                0.38199740499061635,
                0.3836596153601273,
                0.38130355191257514,
                0.372102999939589,
                0.3543848450160461,
                0.32821285685663126,
                0.2953899476160912,
                0.2588650323135524,
                0.22182170451139288,
                0.18685626902331154,
                0.15555259494926543,
                0.12851415768020555,
                0.10568538637261189,
                0.08671190551068676,
                0.0711641213614219,
                0.05859405335397116,
                0.048505399290374895,
                0.04033833169268673,
                0.0335200888470684,
                0.027564014254434114,
                0.022160301365304506,
                0.017207071270359777,
                0.012766803803186014,
                0.008973344088406856,
                0.0059354910070951615,
                0.003676638828765999,
                0.0021249835917544406,
                0.0011428718920196348,
                0.0005708203345431053,
                0.0002643606659608158,
                0.00011339128903699795,
                4.50039535192724e-05,
                1.651564709879491e-05,
                5.600958022361925e-06,
                1.7544679431476946e-06,
                5.074289201219579e-07,
                1.3545949390760415e-07,
                3.3367791852504894e-08,
                7.58273144529874e-09
            ],
            "actualIsThisClassMedian": 0.6415497126305446,
            "actualIsNotThisClassMedian": 0.13840921459666944
        }
    },
    "calibrationData": [
        {
            "y": 0,
            "x": 0,
            "n": 0
        },
        {
            "y": 0.019308125502815767,
            "x": 0.05461718701039326,
            "n": 1243.0
        },
        {
            "y": 0.1095890410958904,
            "x": 0.14555478537903227,
            "n": 1168.0
        },
        {
            "y": 0.21694915254237288,
            "x": 0.24373877574312758,
            "n": 590.0
        },
        {
            "y": 0.30294906166219837,
            "x": 0.3395499537022974,
            "n": 373.0
        },
        {
            "y": 0.4601449275362319,
            "x": 0.45632043041302217,
            "n": 276.0
        },
        {
            "y": 0.5636363636363636,
            "x": 0.5494914789833157,
            "n": 330.0
        },
        {
            "y": 0.6982968369829684,
            "x": 0.6503093716532777,
            "n": 411.0
        },
        {
            "y": 0.9226006191950464,
            "x": 0.7395515194364334,
            "n": 323.0
        },
        {
            "y": 0.982532751091703,
            "x": 0.855093355084895,
            "n": 229.0
        },
        {
            "y": 1.0,
            "x": 0.9333134443224277,
            "n": 132.0
        },
        {
            "y": 1,
            "x": 1,
            "n": 0
        }
    ],
    "probaDistribData": {
        "bins": [
            0.0,
            0.1,
            0.2,
            0.3,
            0.4,
            0.5,
            0.6,
            0.7,
            0.8,
            0.9,
            1.0
        ],
        "probaDistribs": [
            [
                1219.0,
                1040.0,
                462.0,
                260.0,
                149.0,
                144.0,
                124.0,
                25.0,
                4.0,
                0.0
            ],
            [
                24.0,
                128.0,
                128.0,
                113.0,
                127.0,
                186.0,
                287.0,
                298.0,
                225.0,
                132.0
            ]
        ]
    },
    "globalMetrics": {
        "testWeight": 5075,
        "targetAvg": [
            0.3247290640394089
        ],
        "targetStd": [
            0.46831967225851195
        ],
        "predictionAvg": [
            0.32571428571428573
        ],
        "predictionStd": [
            0.4686411098014325
        ]
    }
}