{
    "predictedClassCountPerCut": [
        {
            "Canceled": 5075
        },
        {
            "Canceled": 4849,
            "Not_Canceled": 226
        },
        {
            "Canceled": 4538,
            "Not_Canceled": 537
        },
        {
            "Canceled": 4174,
            "Not_Canceled": 901
        },
        {
            "Canceled": 3832,
            "Not_Canceled": 1243
        },
        {
            "Canceled": 3505,
            "Not_Canceled": 1570
        },
        {
            "Canceled": 3155,
            "Not_Canceled": 1920
        },
        {
            "Canceled": 2899,
            "Not_Canceled": 2176
        },
        {
            "Canceled": 2664,
            "Not_Canceled": 2411
        },
        {
            "Not_Canceled": 2575,
            "Canceled": 2500
        },
        {
            "Not_Canceled": 2775,
            "Canceled": 2300
        },
        {
            "Not_Canceled": 2913,
            "Canceled": 2162
        },
        {
            "Not_Canceled": 3001,
            "Canceled": 2074
        },
        {
            "Not_Canceled": 3143,
            "Canceled": 1932
        },
        {
            "Not_Canceled": 3258,
            "Canceled": 1817
        },
        {
            "Not_Canceled": 3294,
            "Canceled": 1781
        },
        {
            "Not_Canceled": 3374,
            "Canceled": 1701
        },
        {
            "Not_Canceled": 3422,
            "Canceled": 1653
        },
        {
            "Not_Canceled": 3493,
            "Canceled": 1582
        },
        {
            "Not_Canceled": 3561,
            "Canceled": 1514
        },
        {
            "Not_Canceled": 3650,
            "Canceled": 1425
        },
        {
            "Not_Canceled": 3740,
            "Canceled": 1335
        },
        {
            "Not_Canceled": 3828,
            "Canceled": 1247
        },
        {
            "Not_Canceled": 3888,
            "Canceled": 1187
        },
        {
            "Not_Canceled": 3980,
            "Canceled": 1095
        },
        {
            "Not_Canceled": 4063,
            "Canceled": 1012
        },
        {
            "Not_Canceled": 4185,
            "Canceled": 890
        },
        {
            "Not_Canceled": 4306,
            "Canceled": 769
        },
        {
            "Not_Canceled": 4391,
            "Canceled": 684
        },
        {
            "Not_Canceled": 4506,
            "Canceled": 569
        },
        {
            "Not_Canceled": 4604,
            "Canceled": 471
        },
        {
            "Not_Canceled": 4665,
            "Canceled": 410
        },
        {
            "Not_Canceled": 4714,
            "Canceled": 361
        },
        {
            "Not_Canceled": 4751,
            "Canceled": 324
        },
        {
            "Not_Canceled": 4810,
            "Canceled": 265
        },
        {
            "Not_Canceled": 4889,
            "Canceled": 186
        },
        {
            "Not_Canceled": 4943,
            "Canceled": 132
        },
        {
            "Not_Canceled": 4987,
            "Canceled": 88
        },
        {
            "Not_Canceled": 5055,
            "Canceled": 20
        },
        {
            "Not_Canceled": 5075
        }
    ],
    "cuts": [
        0.0,
        0.025,
        0.05,
        0.075,
        0.1,
        0.125,
        0.15,
        0.175,
        0.2,
        0.225,
        0.25,
        0.275,
        0.3,
        0.325,
        0.35,
        0.375,
        0.4,
        0.425,
        0.45,
        0.475,
        0.5,
        0.525,
        0.55,
        0.575,
        0.6,
        0.625,
        0.65,
        0.675,
        0.7,
        0.725,
        0.75,
        0.775,
        0.8,
        0.825,
        0.85,
        0.875,
        0.9,
        0.925,
        0.95,
        0.975
    ],
    "predictedClassCount": {
        "Not_Canceled": 3422,
        "Canceled": 1653
    },
    "probabilityDensities": {
        "Not_Canceled": {
            "density": [
                0.1033624220727816,
                0.13191477487868544,
                0.16370917289875855,
                0.19781841881565426,
                0.233077580942603,
                0.2681966741847677,
                0.30188807842329285,
                0.3329861618757822,
                0.3605420439479074,
                0.3838865990210618,
                0.40266524219901517,
                0.41685421524239014,
                0.42676748995605607,
                0.4330567692921,
                0.4366980882142419,
                0.4389521172494452,
                0.4412852960636408,
                0.445246385256446,
                0.4523056920385319,
                0.4636776478535603,
                0.48015677331106654,
                0.5019989589570097,
                0.5288734658103899,
                0.5598976517914996,
                0.5937495295593909,
                0.6288370721658209,
                0.6634917691376343,
                0.6961502979718951,
                0.7254934505109221,
                0.7505243727198825,
                0.7705851026761569,
                0.7853261898435172,
                0.7946538563344286,
                0.798679735670493,
                0.797689990413471,
                0.7921371219886352,
                0.7826444615899677,
                0.7700052594425905,
                0.7551582477760538,
                0.7391291043411309,
                0.7229392239003335,
                0.7074952160580817,
                0.6934806728044239,
                0.6812737590911723,
                0.6709098889688445,
                0.6620996505227158,
                0.6543007007380595,
                0.6468313113583747,
                0.639005090356023,
                0.630262919960877,
                0.62028006217573,
                0.6090330724609334,
                0.5968206996960772,
                0.5842425420315683,
                0.572146091475069,
                0.5615551792708632,
                0.5535907271598773,
                0.5493899253533451,
                0.5500253841813086,
                0.5564241264876616,
                0.5692886784030263,
                0.589027931288959,
                0.615710904246303,
                0.649058393461712,
                0.6884832379777692,
                0.7331796511715755,
                0.7822488360049747,
                0.8348369075782859,
                0.8902567287517141,
                0.9480698356002357,
                1.008116632983838,
                1.0704976786162788,
                1.135520250369783,
                1.2036282566467915,
                1.2753292737432975,
                1.3511232668229418,
                1.43142872035098,
                1.5164983163778951,
                1.6063199753638526,
                1.7005083188495582,
                1.7982019037133976,
                1.8979877225194373,
                1.9978729958852555,
                2.0953150414497337,
                2.1873062935481236,
                2.2704988435285043,
                2.34134660297776,
                2.3962464369003054,
                2.4316715607125623,
                2.4443063286502444,
                2.431203925584699,
                2.3899902642796467,
                2.3191246855345775,
                2.218202439242029,
                2.0882528344709983,
                1.931961761156344,
                1.7537394559239743,
                1.5595709270490117,
                1.356626537440729,
                1.1526644351010373
            ],
            "median": 0.7796567218804968
        },
        "Canceled": {
            "density": [
                1.1526644351010762,
                1.3566265374407216,
                1.5595709270490254,
                1.753739455923971,
                1.931961761156296,
                2.088252834471102,
                2.2182024392420923,
                2.3191246855346437,
                2.3899902642797106,
                2.4312039255846734,
                2.4443063286502227,
                2.4316715607125965,
                2.3962464369002667,
                2.341346602977735,
                2.2704988435285003,
                2.1873062935481005,
                2.095315041449711,
                1.9978729958852484,
                1.8979877225194102,
                1.7982019037134007,
                1.7005083188496155,
                1.6063199753638642,
                1.5164983163778627,
                1.43142872035097,
                1.351123266822937,
                1.2753292737432749,
                1.2036282566467809,
                1.1355202503697628,
                1.0704976786162674,
                1.0081166329838487,
                0.948069835600261,
                0.890256728751692,
                0.8348369075782859,
                0.7822488360049762,
                0.7331796511715716,
                0.6884832379777742,
                0.6490583934617051,
                0.615710904246314,
                0.589027931288958,
                0.5692886784030243,
                0.5564241264876642,
                0.5500253841813106,
                0.5493899253533348,
                0.5535907271598861,
                0.5615551792708626,
                0.572146091475071,
                0.5842425420315808,
                0.5968206996960782,
                0.6090330724609324,
                0.6202800621757322,
                0.6302629199608725,
                0.6390050903560139,
                0.6468313113583908,
                0.6543007007380479,
                0.6620996505227087,
                0.670909888968841,
                0.6812737590911844,
                0.6934806728044288,
                0.7074952160580842,
                0.7229392239003386,
                0.7391291043411414,
                0.7551582477760604,
                0.7700052594425891,
                0.7826444615899664,
                0.7921371219886295,
                0.7976899904134697,
                0.798679735670483,
                0.7946538563344258,
                0.7853261898435047,
                0.7705851026761569,
                0.7505243727198825,
                0.7254934505109066,
                0.6961502979718902,
                0.663491769137639,
                0.6288370721658163,
                0.5937495295593909,
                0.5598976517914888,
                0.5288734658103899,
                0.5019989589570129,
                0.48015677331106527,
                0.463677647853564,
                0.4523056920385299,
                0.44524638525645116,
                0.4412852960636412,
                0.43895211724944405,
                0.4366980882142446,
                0.43305676929209924,
                0.42676748995605607,
                0.4168542152423894,
                0.40266524219902056,
                0.38388659902105876,
                0.36054204394790135,
                0.33298616187577895,
                0.3018880784232899,
                0.26819667418476606,
                0.23307758094260217,
                0.19781841881565496,
                0.16370917289875883,
                0.13191477487868555,
                0.10336242207278205
            ],
            "median": 0.22034327811950322
        }
    }
}